segment_id,route_segment,daily_bev_traffic_2027,n_chargers_needed,is_tent,seasonal_multiplier
0,A-7S,3513.3,12,True,2.5
1,A-7S,1212.5,7,True,2.5
2,A-7S,2128.9,12,False,2.5
3,A-7S,1364.6,8,True,2.5
4,A-7S,858.5,5,True,2.5
5,A-7S,1881.0,11,True,2.5
6,A-7S,1212.5,7,True,2.5
7,A-7S,2325.0,12,True,2.5
8,A-7S,1212.5,7,True,2.5
9,A-7S,1551.5,9,True,2.5
10,N-3,139.2,2,False,1.0
11,N-3,47.1,2,False,1.0
12,N-3,276.2,2,False,1.0
13,N-3,16.4,2,False,1.0
14,A-1,802.6,2,False,1.0
15,A-1,2825.1,7,True,1.0
16,A-1,2172.2,5,True,1.0
17,A-1,792.8,4,True,1.0
18,A-1,577.7,4,True,1.0
19,A-1,812.4,4,True,1.0
20,A-1,802.6,4,True,1.0
21,A-1,395.0,4,True,1.0
22,A-1,287.3,2,False,1.0
23,A-23,765.5,4,True,1.0
24,A-23,560.7,4,True,1.0
25,A-23,350.2,4,True,1.0
26,A-23,304.0,4,True,1.0
27,A-23,439.8,4,True,1.0
28,A-23,651.9,2,False,1.0
29,A-23,649.2,4,True,1.0
30,A-23,653.7,4,True,1.0
31,A-23,308.4,4,True,1.0
32,A-23,395.0,2,False,1.0
33,A-23,395.0,4,True,1.0
34,A-23,395.0,4,True,1.0
35,A-23,395.0,4,True,1.0
36,A-23,274.5,4,True,1.0
37,A-23,246.3,4,True,1.0
38,A-23,395.0,2,False,1.0
39,A-23,264.3,4,True,1.0
40,A-23,395.0,2,False,1.0
41,A-26,493.7,2,False,1.0
42,A-26,493.7,2,False,1.0
43,A-27,881.4,4,True,1.0
44,A-27,724.6,4,True,1.0
45,A-3,1514.1,9,False,2.5
46,A-3,2250.9,12,True,2.5
47,A-3,1084.6,7,True,2.5
48,A-3,976.6,6,True,2.5
49,A-3,825.6,5,True,2.5
50,A-3,843.0,5,True,2.5
51,A-3,2129.7,12,True,2.5
52,A-3,2099.0,12,True,2.5
53,A-3,1299.4,8,False,2.5
54,A-30,503.3,4,True,2.5
55,A-30,1605.6,9,True,2.5
56,A-30,1855.2,11,False,2.5
57,A-55,727.6,4,True,1.0
58,A-55,1251.6,3,False,1.0
59,A-56,31.6,2,False,1.0
60,A-58,169.5,2,False,1.0
61,A-5R,4175.4,10,False,1.0
62,A-6,589.9,2,False,1.5
63,A-6,2280.1,8,True,1.5
64,A-6,1968.0,7,True,1.5
65,A-6,589.9,2,False,1.5
66,A-6,681.3,4,True,1.5
67,A-6,589.9,4,True,1.5
68,A-6,589.9,4,True,1.5
69,A-6,579.7,4,True,1.5
70,A-6,589.9,4,True,1.5
71,A-6,710.3,4,True,1.5
72,A-6,251.6,4,True,1.5
73,A-6,458.2,4,True,1.5
74,A-6,317.9,4,True,1.5
75,A-6,621.8,4,True,1.5
76,A-6,589.1,4,True,1.5
77,A-6,617.1,4,True,1.5
78,A-6,428.1,2,False,1.5
79,A-60,311.5,2,False,1.5
80,A-60,367.5,2,False,1.5
81,A-62,477.5,4,True,1.5
82,A-62,986.2,4,True,1.5
83,A-62,948.8,4,True,1.5
84,A-62,1356.6,5,True,1.5
85,A-62,679.7,4,True,1.5
86,A-62,449.6,4,True,1.5
87,A-62,917.0,4,True,1.5
88,A-62,274.9,4,True,1.5
89,A-62,679.7,3,False,1.5
90,A-62,183.5,4,True,1.5
91,A-63,416.5,2,False,1.5
92,A-63R,196.8,2,False,1.5
93,A-64,868.7,4,True,1.5
94,A-65,273.7,4,True,1.5
95,A-66,1798.0,6,True,1.5
96,A-66,1501.3,5,True,1.5
97,A-66,867.4,4,True,1.5
98,A-66,624.5,4,True,1.5
99,A-66,464.3,2,False,1.5
100,A-66,376.0,4,True,1.5
101,A-66,383.9,4,True,1.5
102,A-66,464.3,4,True,1.5
103,A-66,228.4,4,True,1.5
104,A-66,245.5,4,True,1.5
105,A-66,271.9,4,True,1.5
106,A-66,739.8,4,True,1.5
107,A-66,377.5,4,True,1.5
108,A-66,421.3,4,True,1.5
109,A-66,393.2,4,True,1.5
110,A-66,573.3,4,True,1.5
111,A-66,507.4,4,True,1.5
112,A-66,954.4,4,True,1.5
113,A-67,585.5,4,True,1.5
114,A-67,252.5,2,False,1.5
115,A-67,625.2,4,True,1.5
116,A-67,1805.0,7,True,1.5
117,A-67,605.3,3,False,1.5
118,A-68,892.8,3,False,1.5
119,A-68,671.6,3,False,1.5
120,A-68,892.8,3,False,1.5
121,A-68,1642.5,6,False,1.5
122,A-68,1091.1,4,False,1.5
123,A-68,884.2,3,False,1.5
124,A-7,1120.5,7,False,2.5
125,A-7,1482.9,9,False,2.5
126,A-7,2854.8,12,True,2.5
127,A-7,2302.0,12,True,2.5
128,A-7,2562.1,12,True,2.5
129,A-7,2061.1,12,True,2.5
130,A-7,682.8,4,False,2.5
131,A-7,1482.9,9,False,2.5
132,A-7,84.0,4,True,2.5
133,A-7,1814.1,11,True,2.5
134,A-7,1652.0,10,True,2.5
135,A-7,1313.8,8,True,2.5
136,A-7,492.4,4,True,2.5
137,A-7,1110.5,7,False,2.5
138,A-70,2590.7,12,True,2.5
139,A-70,2355.0,12,True,2.5
140,A-70,1898.7,11,True,2.5
141,A-73,177.5,4,True,2.5
142,A-73,177.5,2,False,2.5
143,A-73R,107.1,2,False,2.5
144,A-75,118.5,4,True,2.5
145,A-75,118.5,4,True,2.5
146,A-77,658.6,4,False,2.5
147,A-77A,1165.9,7,False,2.5
148,A-79,339.9,2,False,2.5
149,A-8,675.9,4,True,1.5
150,A-8,675.9,3,False,1.5
151,A-8,675.9,4,True,1.5
152,A-8,1254.5,5,True,1.5
153,A-8,715.9,4,True,1.5
154,A-8,1474.9,5,True,1.5
155,A-8,957.4,4,True,1.5
156,A-8,399.9,4,True,1.5
157,A-8,534.1,4,True,1.5
158,A-8,708.6,4,True,1.5
159,AP-7R,988.0,6,False,2.5
160,AP-9,1025.8,4,True,1.5
161,AP-9,760.4,4,True,1.5
162,AP-9,551.7,4,True,1.5
163,AP-9,914.2,4,True,1.5
164,AP-9,1456.0,5,True,1.5
165,AP-9,753.2,4,True,1.5
166,AP-9,216.6,2,False,1.5
167,AP-9F,664.3,4,True,1.5
168,AP-9V,1758.6,6,False,1.5
169,N-1,146.8,2,False,1.0
170,N-1,86.2,2,False,1.0
171,N-1,86.2,2,False,1.0
172,N-1,86.2,2,False,1.0
173,N-1,111.7,2,False,1.0
174,N-1,86.2,2,False,1.0
175,N-1,17.1,2,False,1.0
176,N-1,86.2,2,False,1.0
177,N-110,45.9,2,False,1.0
178,N-110,120.8,2,False,1.0
179,N-110,68.2,2,False,1.0
180,N-110,109.3,2,False,1.0
181,N-110,200.7,2,False,1.0
182,N-110,132.3,2,False,1.0
183,N-110,138.0,2,False,1.0
184,N-110A,43.3,2,False,1.0
185,N-110A,1.4,2,False,1.0
186,N-110A,5.5,2,False,1.0
187,N-110A,5.1,2,False,1.0
188,N-110A,0.3,2,False,1.0
189,N-110A,5.1,2,False,1.0
190,N-111,151.3,2,False,1.0
191,N-111,11.1,2,False,1.0
192,N-111,8.3,2,False,1.0
193,N-111,230.9,2,False,1.0
194,N-111,151.3,2,False,1.0
195,N-111,757.5,2,False,1.0
196,N-111A,0.9,2,False,1.0
197,N-111R,6.8,2,False,1.0
198,N-113,179.2,4,True,1.0
199,N-113,147.5,2,False,1.0
200,N-113,147.5,4,True,1.0
201,N-113,115.7,4,True,1.0
202,N-113,147.5,4,True,1.0
203,N-120,86.8,2,False,1.0
204,N-120,60.6,2,False,1.0
205,N-120,161.3,2,False,1.0
206,N-120,163.0,2,False,1.0
207,N-120,67.4,2,False,1.0
208,N-120,12.9,2,False,1.0
209,N-120,163.0,2,False,1.0
210,N-120,163.0,4,True,1.0
211,N-120,422.4,4,True,1.0
212,N-120,297.3,4,True,1.0
213,N-120,163.0,4,True,1.0
214,N-120,337.0,2,False,1.0
215,N-120,164.7,2,False,1.0
216,N-120,163.0,2,False,1.0
217,N-120,173.2,2,False,1.0
218,N-120,163.0,2,False,1.0
219,N-120,213.2,2,False,1.0
220,N-120,163.0,2,False,1.0
221,N-125,299.9,4,True,1.0
222,N-125,299.9,4,True,1.0
223,N-126,226.9,2,False,1.0
224,N-141,14.4,2,False,1.0
225,N-145,476.2,2,False,1.0
226,N-152,269.5,4,True,1.0
227,N-154,245.6,2,False,1.0
228,N-154,231.9,2,False,1.0
229,N-155,66.9,2,False,1.0
230,N-156,255.8,2,False,1.0
231,N-156,173.5,2,False,1.0
232,N-1A,421.4,2,False,1.0
233,N-1A,515.3,2,False,1.0
234,N-1A,156.6,2,False,1.0
235,N-1A,104.1,2,False,1.0
236,N-1A,119.4,2,False,1.0
237,N-1A,16.2,2,False,1.0
238,N-1A,119.4,2,False,1.0
239,N-1A,8.1,2,False,1.0
240,N-1A,119.4,2,False,1.0
241,N-1A,134.7,2,False,1.0
242,N-1A,180.5,2,False,1.0
243,N-211A,4.5,2,False,1.0
244,N-211A,4.5,2,False,1.0
245,N-220,1244.1,3,False,1.0
246,N-223,143.6,2,False,1.0
247,N-223,390.9,2,False,1.0
248,N-223,267.3,2,False,1.0
249,N-225,184.6,2,False,1.0
250,N-225,251.4,2,False,1.0
251,N-225,226.8,2,False,1.0
252,N-225,124.7,2,False,1.0
253,N-225A,2.4,2,False,1.0
254,N-230,126.5,2,False,1.0
255,N-230,134.5,4,True,1.0
256,N-230,118.5,4,True,1.0
257,N-232,158.4,2,False,1.0
258,N-232,136.0,2,False,1.0
259,N-232,163.2,2,False,1.0
260,N-232,537.9,2,False,1.0
261,N-232,158.4,2,False,1.0
262,N-232,158.4,2,False,1.0
263,N-232,254.6,2,False,1.0
264,N-232,153.5,2,False,1.0
265,N-232,45.2,2,False,1.0
266,N-232A,6.3,2,False,1.0
267,N-232A,6.3,2,False,1.0
268,N-232A,2.6,2,False,1.0
269,N-232A,0.3,2,False,1.0
270,N-232A,6.3,2,False,1.0
271,N-232A,9.9,2,False,1.0
272,N-232A,6.3,2,False,1.0
273,N-232A,0.2,2,False,1.0
274,N-232A,6.3,2,False,1.0
275,N-232A,2.3,2,False,1.0
276,N-232A,6.3,2,False,1.0
277,N-232A,0.6,2,False,1.0
278,N-232A,19.5,2,False,1.0
279,N-232A,6.3,2,False,1.0
280,N-232A,161.6,2,False,1.0
281,N-232A,77.3,2,False,1.0
282,N-232A,6.3,2,False,1.0
283,N-232A,20.2,2,False,1.0
284,N-240,74.6,2,False,1.0
285,N-240,124.0,2,False,1.0
286,N-240,413.8,4,True,1.0
287,N-240,54.0,2,False,1.0
288,N-240,200.2,2,False,1.0
289,N-240,200.2,2,False,1.0
290,N-240A,2.9,2,False,1.0
291,N-240A,235.8,2,False,1.0
292,N-240R,196.8,2,False,1.0
293,N-240R,196.8,2,False,1.0
294,N-240R,196.8,2,False,1.0
295,N-240R,196.8,2,False,1.0
296,N-240R,196.8,2,False,1.0
297,N-260,237.8,2,False,1.0
298,N-260,270.8,2,False,1.0
299,N-260,11.8,2,False,1.0
300,N-260,249.4,2,False,1.0
301,N-260,166.1,2,False,1.0
302,N-260,195.8,4,True,1.0
303,N-260,179.0,2,False,1.0
304,N-260,120.5,2,False,1.0
305,N-260,64.5,2,False,1.0
306,N-260A,1.1,2,False,1.0
307,N-260A,2.3,2,False,1.0
308,N-260A,3.0,2,False,1.0
309,N-260A,2.7,2,False,1.0
310,N-260A,82.3,2,False,1.0
311,N-260R,103.2,4,True,1.0
312,N-2A,464.8,2,False,1.0
313,N-2A,398.1,2,False,1.0
314,N-2A,702.1,2,False,1.0
315,N-2A,398.1,2,False,1.0
316,N-2A,1.3,2,False,1.0
317,N-2A,331.5,2,False,1.0
318,N-2R,20.0,2,False,1.0
319,N-2R,19.0,2,False,1.0
320,N-2R,19.0,2,False,1.0
321,N-2R,16.6,2,False,1.0
322,N-301,114.5,2,False,1.0
323,N-301,34.1,2,False,1.0
324,N-301,7.6,2,False,1.0
325,N-301,117.1,2,False,1.0
326,N-301,23.3,2,False,1.0
327,N-301,34.1,2,False,1.0
328,N-301,33.2,2,False,1.0
329,N-301,53.9,2,False,1.0
330,N-310,87.9,2,False,1.0
331,N-310,54.4,2,False,1.0
332,N-320,148.6,2,False,1.0
333,N-320,178.6,2,False,1.0
334,N-320,208.6,2,False,1.0
335,N-320A,11.7,2,False,1.0
336,N-323,154.2,4,True,1.0
337,N-323,202.9,2,False,1.0
338,N-323,154.2,4,True,1.0
339,N-323A,40.3,2,False,1.0
340,N-323A,28.7,2,False,1.0
341,N-323A,119.5,2,False,1.0
342,N-323A,168.9,2,False,1.0
343,N-323A,1.9,2,False,1.0
344,N-323A,6.4,2,False,1.0
345,N-323A,17.1,2,False,1.0
346,N-325,389.4,2,False,1.0
347,N-325,211.2,2,False,1.0
348,N-330,69.7,2,False,1.0
349,N-330,53.4,2,False,1.0
350,N-330,601.1,2,False,1.0
351,N-330,24.7,2,False,1.0
352,N-330,65.3,2,False,1.0
353,N-330,65.3,2,False,1.0
354,N-330,160.4,2,False,1.0
355,N-330,1244.1,3,False,1.0
356,N-330,44.9,2,False,1.0
357,N-330,11.9,2,False,1.0
358,N-330,11.6,2,False,1.0
359,N-330,60.8,2,False,1.0
360,N-330,7.4,2,False,1.0
361,N-332,1008.2,3,False,1.0
362,N-332,569.2,2,False,1.0
363,N-332,521.7,2,False,1.0
364,N-332,1457.4,4,False,1.0
365,N-332,780.5,2,False,1.0
366,N-332,550.6,2,False,1.0
367,N-332,377.5,2,False,1.0
368,N-332,235.6,2,False,1.0
369,N-332,249.0,2,False,1.0
370,N-332,550.6,2,False,1.0
371,N-332,468.7,2,False,1.0
372,N-332,335.7,2,False,1.0
373,N-332A,113.0,2,False,1.0
374,N-332A,108.8,2,False,1.0
375,N-332R,268.8,2,False,1.0
376,N-334,1797.5,4,False,1.0
377,N-334,1797.5,4,False,1.0
378,N-340,282.7,2,False,1.0
379,N-340,282.7,2,False,1.0
380,N-340,32.2,2,False,1.0
381,N-340,813.2,2,False,1.0
382,N-340,331.0,2,False,1.0
383,N-340,269.4,2,False,1.0
384,N-340,174.2,2,False,1.0
385,N-340,282.7,2,False,1.0
386,N-340,282.7,2,False,1.0
387,N-340,453.7,2,False,1.0
388,N-340,282.7,4,True,1.0
389,N-340,284.9,4,True,1.0
390,N-340,282.7,2,False,1.0
391,N-340,277.5,2,False,1.0
392,N-340,282.7,2,False,1.0
393,N-340,582.4,2,False,1.0
394,N-340,495.2,2,False,1.0
395,N-340,282.7,2,False,1.0
396,N-340,637.3,2,False,1.0
397,N-340,282.7,2,False,1.0
398,N-340,1006.4,3,False,1.0
399,N-340A,351.9,2,False,1.0
400,N-340A,28.0,2,False,1.0
401,N-340A,233.8,2,False,1.0
402,N-340A,175.3,2,False,1.0
403,N-340A,233.8,2,False,1.0
404,N-347AL,178.1,4,True,1.0
405,N-347GR,296.2,2,False,1.0
406,N-349,448.8,4,True,1.0
407,N-350,598.0,2,False,1.0
408,N-351,196.8,2,False,1.0
409,N-351,196.8,2,False,1.0
410,N-357,303.3,2,False,1.0
411,N-357,303.3,4,True,1.0
412,N-357,303.3,4,True,1.0
413,N-400,224.8,2,False,1.0
414,N-400,109.4,2,False,1.0
415,N-400,24.0,2,False,1.0
416,N-400,24.0,2,False,1.0
417,N-400,19.0,2,False,1.0
418,N-400,11.4,2,False,1.0
419,N-400,24.0,2,False,1.0
420,N-400A,2.3,2,False,1.0
421,N-401,176.8,2,False,1.0
422,N-401A,75.8,2,False,1.0
423,N-401A,49.6,2,False,1.0
424,N-401A,161.4,2,False,1.0
425,N-401A,75.8,2,False,1.0
426,N-401A,75.8,2,False,1.0
427,N-403,17.7,2,False,1.0
428,N-403,129.1,2,False,1.0
429,N-403,211.3,2,False,1.0
430,N-403,102.6,2,False,1.0
431,N-403A,15.1,2,False,1.0
432,N-403A,71.1,2,False,1.0
433,N-403A,48.9,2,False,1.0
434,N-403A,85.3,2,False,1.0
435,N-430A,5.8,2,False,1.0
436,N-430A,15.5,2,False,1.0
437,N-432A,5.4,2,False,1.0
438,N-432A,1.1,2,False,1.0
439,N-432A,3.1,2,False,1.0
440,N-432A,2.0,2,False,1.0
441,N-432A,17.1,2,False,1.0
442,N-432A,2.8,2,False,1.0
443,N-432A,0.6,2,False,1.0
444,N-432A,2.2,2,False,1.0
445,N-432A,18.5,2,False,1.0
446,N-432A,7.2,2,False,1.0
447,N-432A,52.2,2,False,1.0
448,N-432A,112.7,2,False,1.0
449,N-432A,17.1,2,False,1.0
450,N-432A,17.1,2,False,1.0
451,N-432A,16.9,2,False,1.0
452,N-432A,76.5,2,False,1.0
453,N-432A,17.3,2,False,1.0
454,N-432A,6.6,2,False,1.0
455,N-432A,17.1,2,False,1.0
456,N-432R,67.0,2,False,1.0
457,N-433,108.2,2,False,1.0
458,N-433,146.9,4,True,1.0
459,N-433,69.5,4,True,1.0
460,N-435,119.6,2,False,1.0
461,N-435A,15.3,2,False,1.0
462,N-5,239.8,2,False,1.0
463,N-5,11.5,2,False,1.0
464,N-5,133.3,4,True,1.0
465,N-5,60.1,2,False,1.0
466,N-5,24.3,2,False,1.0
467,N-501,228.9,2,False,1.0
468,N-501,27.5,2,False,1.0
469,N-501,123.9,4,True,1.0
470,N-501,123.9,2,False,1.0
471,N-501A,22.4,2,False,1.0
472,N-502,78.3,2,False,1.0
473,N-502,68.5,2,False,1.0
474,N-502,58.7,2,False,1.0
475,N-502A,18.0,2,False,1.0
476,N-502A,18.0,2,False,1.0
477,N-502A,18.0,2,False,1.0
478,N-502A,257.3,2,False,1.0
479,N-502A,18.0,2,False,1.0
480,N-502A,26.1,2,False,1.0
481,N-502A,18.0,2,False,1.0
482,N-502A,1.1,2,False,1.0
483,N-502A,1.4,2,False,1.0
484,N-521,42.9,2,False,1.0
485,N-521,292.2,2,False,1.0
486,N-521,183.4,2,False,1.0
487,N-521,440.0,2,False,1.0
488,N-521,74.5,2,False,1.0
489,N-523,121.5,2,False,1.0
490,N-523,277.3,2,False,1.0
491,N-525,65.2,2,False,1.0
492,N-525,30.6,2,False,1.0
493,N-525,135.2,2,False,1.0
494,N-525,197.4,2,False,1.0
495,N-525,293.2,2,False,1.0
496,N-532,87.1,2,False,1.0
497,N-536,68.7,2,False,1.0
498,N-540,461.8,2,False,1.0
499,N-540,244.5,2,False,1.0
500,N-540,125.4,2,False,1.0
501,N-540A,6.0,2,False,1.0
502,N-541,114.0,2,False,1.0
503,N-542,761.6,2,False,1.0
504,N-544,231.4,2,False,1.0
505,N-547,124.7,2,False,1.0
506,N-550,736.7,2,False,1.0
507,N-550,374.5,2,False,1.0
508,N-550,864.5,2,False,1.0
509,N-550,437.7,2,False,1.0
510,N-550,219.8,2,False,1.0
511,N-550,486.1,2,False,1.0
512,N-550,486.1,2,False,1.0
513,N-550,534.5,2,False,1.0
514,N-550A,364.0,2,False,1.0
515,N-550A,163.6,2,False,1.0
516,N-550R,245.1,2,False,1.0
517,N-551,205.9,2,False,1.0
518,N-552,402.6,2,False,1.0
519,N-554,336.1,2,False,1.0
520,N-555,263.0,2,False,1.0
521,N-556,352.7,2,False,1.0
522,N-559,24.2,2,False,1.0
523,N-5A,72.1,2,False,1.0
524,N-5A,542.1,2,False,1.0
525,N-5A,307.1,2,False,1.0
526,N-6,475.5,2,False,1.0
527,N-6,239.0,2,False,1.0
528,N-6,2.4,2,False,1.0
529,N-6,7.0,2,False,1.0
530,N-6,124.3,2,False,1.0
531,N-6,138.5,2,False,1.0
532,N-6,124.3,2,False,1.0
533,N-6,33.4,2,False,1.0
534,N-6,49.4,2,False,1.0
535,N-6,70.2,2,False,1.0
536,N-6,110.0,2,False,1.0
537,N-6,611.0,2,False,1.0
538,N-6,871.1,2,False,1.0
539,N-6,470.3,2,False,1.0
540,N-6,102.2,2,False,1.0
541,N-620A,846.9,2,False,1.0
542,N-620A,89.5,2,False,1.0
543,N-621,50.3,2,False,1.0
544,N-621,71.4,2,False,1.0
545,N-621A,2.1,2,False,1.0
546,N-622,24.5,2,False,1.0
547,N-622,24.5,4,True,1.0
548,N-622,24.5,4,True,1.0
549,N-622,24.5,2,False,1.0
550,N-622A,4.8,2,False,1.0
551,N-623,142.2,2,False,1.0
552,N-623,287.7,4,True,1.0
553,N-623,178.6,2,False,1.0
554,N-623,287.7,2,False,1.0
555,N-623,396.9,2,False,1.0
556,N-623,816.8,2,False,1.0
557,N-625,74.3,2,False,1.0
558,N-625,81.8,2,False,1.0
559,N-627,110.2,4,True,1.0
560,N-627,110.2,2,False,1.0
561,N-629,81.1,2,False,1.0
562,N-632A,6.7,2,False,1.0
563,N-633,578.5,2,False,1.0
564,N-633,578.5,4,True,1.0
565,N-634,136.1,2,False,1.0
566,N-634,136.1,2,False,1.0
567,N-634,136.1,2,False,1.0
568,N-634,136.1,2,False,1.0
569,N-634,108.1,2,False,1.0
570,N-634,125.9,2,False,1.0
571,N-634,136.1,2,False,1.0
572,N-634,304.9,2,False,1.0
573,N-634,178.9,2,False,1.0
574,N-634,139.4,2,False,1.0
575,N-634,32.9,2,False,1.0
576,N-634,136.1,2,False,1.0
577,N-634,232.7,2,False,1.0
578,N-634,132.8,2,False,1.0
579,N-634,443.3,2,False,1.0
580,N-634,144.1,2,False,1.0
581,N-634,92.5,2,False,1.0
582,N-634,75.2,2,False,1.0
583,N-634,136.1,2,False,1.0
584,N-634,95.3,2,False,1.0
585,N-634,194.8,2,False,1.0
586,N-634,136.1,4,True,1.0
587,N-634,64.3,4,True,1.0
588,N-634,136.1,2,False,1.0
589,N-634,136.1,2,False,1.0
590,N-634,159.1,2,False,1.0
591,N-634A,15.3,2,False,1.0
592,N-655,44.1,2,False,1.0
593,N-6A,3.0,2,False,1.0
594,N-6A,127.2,2,False,1.0
595,N-362,196.8,2,False,1.0
596,N-354,196.8,2,False,1.0
597,N-352,372.0,2,False,1.0
598,N-554R,196.8,2,False,1.0
599,A-57,196.8,2,False,1.0
600,A-92M,196.8,4,True,1.0
601,A-92N,196.8,4,True,1.0
602,A-384,196.8,2,False,2.5
603,A-384,196.8,4,True,2.5
604,A-381,196.8,4,True,2.5
605,A-10,196.8,4,True,1.0
606,AP-15,196.8,4,True,1.0
607,AP-15,196.8,4,True,1.0
608,AP-15,196.8,2,False,1.0
609,AP-15,196.8,4,True,1.0
610,AP-15-R,196.8,2,False,1.0
611,N-121-A,196.8,4,True,1.0
612,N-121-A,196.8,4,True,1.0
613,N-644,196.8,4,True,1.0
614,A-66R,196.8,2,False,1.5
615,A-66R,196.8,2,False,1.5
616,A-66R,196.8,2,False,1.5
617,AP-7S,496.1,4,True,2.5
618,AP-7S,377.8,4,True,2.5
619,AP-7S,574.9,4,True,2.5
620,AP-7S,496.1,4,True,2.5
621,AP-7S,496.1,4,True,2.5
622,N-4,49.1,2,False,1.0
623,N-4,43.4,2,False,1.0
624,N-4,196.9,2,False,1.0
625,N-4,258.4,2,False,1.0
626,N-4,112.7,2,False,1.0
627,N-4,731.2,2,False,1.0
628,N-4,360.2,2,False,1.0
629,N-4,170.3,2,False,1.0
630,N-4,183.6,2,False,1.0
631,A-7S,593.8,4,True,2.5
632,A-7S,821.1,5,True,2.5
633,A-7S,967.6,6,True,2.5
634,A-7S,1475.3,9,True,2.5
635,A-7S,1060.4,6,True,2.5
636,A-7S,380.0,4,True,2.5
637,A-7S,458.7,4,True,2.5
638,A-7S,1212.5,7,True,2.5
639,A-7S,601.4,4,True,2.5
640,A-7S,660.7,4,True,2.5
641,A-7S,562.2,4,True,2.5
642,A-7S,1578.1,9,True,2.5
643,A-7S,1212.5,7,True,2.5
644,A-7S,1212.5,7,False,2.5
645,A-7S,1600.4,9,True,2.5
646,A-7S,2407.4,12,False,2.5
647,A-1,802.6,2,False,1.0
648,A-1,802.6,4,True,1.0
649,A-1,1268.0,4,True,1.0
650,A-1,802.6,4,True,1.0
651,A-1,802.6,4,True,1.0
652,A-1,802.6,4,True,1.0
653,A-1,802.6,4,True,1.0
654,A-1,802.6,4,True,1.0
655,A-1,802.6,4,True,1.0
656,A-1,802.6,4,True,1.0
657,A-1,802.6,4,True,1.0
658,A-11,116.7,2,False,1.0
659,A-11,143.2,2,False,1.0
660,A-11,114.8,2,False,1.0
661,A-11,97.1,2,False,1.0
662,A-11,522.9,2,False,1.0
663,A-11,143.2,2,False,1.0
664,A-11,245.1,4,True,1.0
665,A-11,169.8,4,True,1.0
666,A-11R,196.8,2,False,1.0
667,A-12,372.6,2,False,1.0
668,A-12,372.6,2,False,1.0
669,A-12,372.6,2,False,1.0
670,A-13,712.0,2,False,1.0
671,A-14,184.7,2,False,1.0
672,A-14-R2,196.8,2,False,1.0
673,A-15,171.1,4,True,1.0
674,A-15,171.1,4,True,1.0
675,A-15,171.1,4,True,1.0
676,A-15,171.1,2,False,1.0
677,A-15,115.6,4,True,1.0
678,A-15,218.2,4,True,1.0
679,A-15,171.1,2,False,1.0
680,A-15,171.1,4,True,1.0
681,A-15,171.1,4,True,1.0
682,A-15,171.1,2,False,1.0
683,A-1A,128.3,2,False,1.0
684,A-2,1858.6,5,False,1.0
685,A-2,2037.8,5,True,1.0
686,A-2,737.3,4,True,1.0
687,A-2,595.3,4,True,1.0
688,A-2,476.1,4,True,1.0
689,A-2,771.6,4,True,1.0
690,A-2,2054.9,5,True,1.0
691,A-2,2301.4,6,True,1.0
692,A-2,2859.5,7,True,1.0
693,A-2,2245.2,5,True,1.0
694,A-2,1405.1,4,True,1.0
695,A-2,405.3,2,False,1.0
696,A-2,565.1,4,True,1.0
697,A-2,1008.4,4,True,1.0
698,A-2,1097.6,4,True,1.0
699,A-2,1051.3,4,True,1.0
700,A-2,3810.1,9,True,1.0
701,A-2,4754.1,11,True,1.0
702,A-2,693.8,2,False,1.0
703,A-2,398.6,2,False,1.0
704,A-21,112.8,4,True,1.0
705,A-21,112.8,4,True,1.0
706,A-21,115.5,4,True,1.0
707,A-21,112.8,2,False,1.0
708,A-21,112.8,2,False,1.0
709,A-21,99.1,4,True,1.0
710,A-21,112.8,2,False,1.0
711,A-21,112.0,4,True,1.0
712,A-21,113.7,4,True,1.0
713,A-22,346.7,4,True,1.0
714,A-22,323.4,4,True,1.0
715,A-22,323.4,4,True,1.0
716,A-22,300.0,4,True,1.0
717,A-22,323.4,4,True,1.0
718,A-22,323.4,2,False,1.0
719,A-22-R1,120.8,2,False,1.0
720,A-22-R2,62.7,2,False,1.0
721,A-30,4043.9,12,True,2.5
722,A-30,1855.2,11,True,2.5
723,A-30,2104.8,12,True,2.5
724,A-31,393.2,4,True,2.5
725,A-31,854.5,5,True,2.5
726,A-31,1123.4,7,True,2.5
727,A-31,531.6,4,True,2.5
728,A-31,1165.0,7,True,2.5
729,A-31,1142.8,7,True,2.5
730,A-31,1451.3,9,True,2.5
731,A-32,298.5,4,True,2.5
732,A-32,159.4,4,True,2.5
733,A-32,63.5,4,True,2.5
734,A-33,311.8,2,False,2.5
735,A-35,670.5,4,False,2.5
736,A-35,670.5,4,True,2.5
737,A-35,670.5,4,False,2.5
738,A-38,687.0,4,False,2.5
739,A-38,886.5,5,False,2.5
740,A-4,4358.1,10,False,1.0
741,A-4,3814.7,9,True,1.0
742,A-4,1232.9,4,True,1.0
743,A-4,846.9,4,True,1.0
744,A-4,692.6,4,True,1.0
745,A-4,717.4,4,True,1.0
746,A-4,767.0,4,True,1.0
747,A-4,909.2,4,True,1.0
748,A-4,1546.2,4,True,1.0
749,A-4,1308.5,4,True,1.0
750,A-4,909.2,3,False,1.0
751,A-4,420.5,2,False,1.0
752,A-4,909.2,3,False,1.0
753,A-4,339.1,4,True,1.0
754,A-4,1181.3,4,True,1.0
755,A-40,401.0,2,False,1.0
756,A-40,112.9,2,False,1.0
757,A-40,150.3,2,False,1.0
758,A-40,177.4,2,False,1.0
759,A-41,319.3,2,False,1.0
760,A-41,319.3,4,True,1.0
761,A-42,2465.4,6,False,1.0
762,A-43,352.2,4,True,1.0
763,A-43,318.2,4,True,1.0
764,A-43,349.9,4,True,1.0
765,A-43,247.2,4,True,1.0
766,A-44,675.6,4,True,1.0
767,A-44,751.0,4,True,1.0
768,A-44,747.0,4,True,1.0
769,A-44,420.4,2,False,1.0
770,A-44,747.0,2,False,1.0
771,A-44,920.0,4,True,1.0
772,A-45,549.7,4,True,1.0
773,A-45,875.2,4,True,1.0
774,A-45,1223.2,4,True,1.0
775,A-45,875.2,4,True,1.0
776,A-45,875.2,2,False,1.0
777,A-48,1087.2,3,False,1.0
778,A-49,1789.0,4,True,1.0
779,A-49,487.4,4,True,1.0
780,A-4A,57.3,2,False,1.0
781,A-4R1,196.8,2,False,1.0
782,A-4R2,196.8,2,False,1.0
783,A-5,680.9,2,False,1.0
784,A-5,2044.0,5,True,1.0
785,A-5,2410.5,6,True,1.0
786,A-5,1212.7,4,True,1.0
787,A-5,781.1,4,True,1.0
788,A-5,430.7,4,True,1.0
789,A-5,333.4,4,True,1.0
790,A-5,553.0,4,True,1.0
791,A-5,787.0,4,True,1.0
792,A-5,605.5,4,True,1.0
793,A-5,680.9,4,True,1.0
794,A-5,390.4,4,True,1.0
795,A-5,680.9,4,True,1.0
796,A-50,292.0,4,True,1.0
797,A-50,470.2,4,True,1.0
798,A-50,381.1,4,True,1.0
799,A-52,583.1,2,False,1.0
800,A-52,311.1,4,True,1.0
801,A-52,483.0,4,True,1.0
802,A-52,963.9,4,True,1.0
803,A-52,683.1,4,True,1.0
804,A-52,583.1,2,False,1.0
805,A-54,162.8,4,True,1.0
806,A-54,260.4,4,True,1.0
807,A-54,260.4,4,True,1.0
808,A-54,610.5,4,True,1.0
809,A-54,260.4,4,True,1.0
810,A-55,1251.6,4,True,1.0
811,A-55,1194.1,4,True,1.0
812,A-55,2085.4,5,True,1.0
813,A-55,1309.2,4,True,1.0
814,A-8,678.5,4,True,1.5
815,A-8,1587.4,6,True,1.5
816,A-8,2049.5,7,True,1.5
817,A-8,749.8,4,True,1.5
818,A-8,673.3,4,True,1.5
819,A-8,675.9,4,True,1.5
820,A-8,431.3,4,True,1.5
821,A-8,381.9,4,True,1.5
822,A-8,329.0,4,True,1.5
823,A-8,295.8,4,True,1.5
824,A-8,262.7,4,True,1.5
825,A-8,310.4,4,True,1.5
826,A-91,375.2,4,True,1.0
827,A-92,437.0,4,True,1.0
828,A-92,437.0,4,True,1.0
829,A-92,437.0,4,True,1.0
830,A-92,437.0,4,True,1.0
831,A-92,437.0,4,True,1.0
832,A-92,437.0,4,True,1.0
833,A-92,437.0,2,False,1.0
834,AP-1,839.2,4,True,1.0
835,AP-1,839.2,4,True,1.0
836,AP-1,839.2,4,True,1.0
837,AP-1,839.2,4,True,1.0
838,AP-1,839.2,2,False,1.0
839,AP-2,473.5,2,False,1.0
840,AP-2,510.2,4,True,1.0
841,AP-2,436.7,4,True,1.0
842,AP-36,109.6,2,False,1.0
843,AP-36,294.6,2,False,1.0
844,AP-4,936.0,6,True,2.5
845,AP-4,985.3,6,True,2.5
846,AP-4,679.0,4,True,2.5
847,AP-4,936.0,6,False,2.5
848,AP-41,50.1,2,False,2.5
849,AP-46,470.8,3,False,2.5
850,AP-4A,938.3,6,False,2.5
851,AP-51,321.4,4,True,1.0
852,AP-53,281.7,2,False,1.0
853,AP-6,796.6,2,False,1.0
854,AP-6,1095.3,4,True,1.0
855,AP-6,796.6,4,True,1.0
856,AP-6,470.8,4,True,1.0
857,AP-61,299.4,2,False,1.0
858,AP-66,267.5,4,True,1.5
859,AP-68,890.3,4,True,1.0
860,AP-68,795.5,4,True,1.0
861,AP-68,344.0,4,True,1.0
862,AP-68,243.1,4,True,1.0
863,AP-68,353.4,4,True,1.0
864,AP-68,380.0,4,True,1.0
865,AP-68,393.2,4,True,1.0
866,AP-68,485.8,4,True,1.0
867,AP-68,386.6,4,True,1.0
868,AP-68,386.6,4,True,1.0
869,AP-71,188.6,2,False,2.5
870,AP-71,188.6,2,False,2.5
871,AP-7N,976.8,6,False,2.5
872,AP-7N,1396.0,8,True,2.5
873,AP-7N,2266.1,12,True,2.5
874,AP-7N,4010.8,12,True,2.5
875,AP-7N,3443.7,12,True,2.5
876,AP-7N,2650.7,12,True,2.5
877,AP-7N,2118.1,12,True,2.5
878,AP-7N,1529.9,9,True,2.5
879,AP-7N,968.9,6,True,2.5
880,AP-7N,911.8,6,True,2.5
881,AP-7N,856.9,5,True,2.5
882,AP-7N,1187.0,7,True,2.5
883,AP-7N,2076.4,12,True,2.5
884,AP-7N,960.1,6,True,2.5
885,AP-7N,1085.6,7,True,2.5
886,AP-7N,497.8,4,True,2.5
887,AP-7N,551.2,4,False,2.5
888,N-1,95.0,2,False,1.0
889,N-1,180.4,2,False,1.0
890,N-1,93.0,2,False,1.0
891,N-1,15.0,2,False,1.0
892,N-1,3.4,2,False,1.0
893,N-1,8.4,2,False,1.0
894,N-1,35.4,2,False,1.0
895,N-120,282.2,2,False,1.0
896,N-120,157.1,2,False,1.0
897,N-120,34.2,2,False,1.0
898,N-120,57.9,2,False,1.0
899,N-120,371.0,2,False,1.0
900,N-120A,67.3,2,False,1.0
901,N-120A,67.3,2,False,1.0
902,N-120A,92.5,2,False,1.0
903,N-120A,67.3,2,False,1.0
904,N-120A,42.0,2,False,1.0
905,N-120A,67.3,2,False,1.0
906,N-121,173.5,2,False,1.0
907,N-121,173.5,2,False,1.0
908,N-121,173.5,2,False,1.0
909,N-122,197.8,2,False,1.0
910,N-122,36.0,2,False,1.0
911,N-122,116.6,2,False,1.0
912,N-122,116.6,2,False,1.0
913,N-122,169.3,4,True,1.0
914,N-122,107.7,2,False,1.0
915,N-122,41.5,2,False,1.0
916,N-122,119.2,2,False,1.0
917,N-122,116.6,2,False,1.0
918,N-122,196.7,2,False,1.0
919,N-122,14.3,2,False,1.0
920,N-122,116.6,2,False,1.0
921,N-122,90.1,2,False,1.0
922,N-122,244.6,2,False,1.0
923,N-122,116.6,2,False,1.0
924,N-122,116.6,2,False,1.0
925,N-122,116.6,4,True,1.0
926,N-122,116.6,2,False,1.0
927,N-122A,36.0,2,False,1.0
928,N-122A,38.3,2,False,1.0
929,N-122A,33.7,2,False,1.0
930,N-123,161.1,2,False,1.0
931,N-123A,66.7,2,False,1.0
932,N-123B,196.8,2,False,1.0
933,N-124,246.1,2,False,1.0
934,N-124,246.1,2,False,1.0
935,N-1A,6.4,2,False,1.0
936,N-1A,5.2,2,False,1.0
937,N-1A,119.4,2,False,1.0
938,N-1R,318.2,2,False,1.0
939,N-2,24.4,2,False,1.0
940,N-2,4.2,2,False,1.0
941,N-2,227.9,2,False,1.0
942,N-2,17.3,2,False,1.0
943,N-2,227.9,2,False,1.0
944,N-2,26.4,2,False,1.0
945,N-2,43.0,2,False,1.0
946,N-2,2.2,2,False,1.0
947,N-2,403.0,2,False,1.0
948,N-2,197.2,2,False,1.0
949,N-2,184.3,2,False,1.0
950,N-2,1592.5,4,True,1.0
951,N-2,227.9,4,True,1.0
952,N-2,706.7,2,False,1.0
953,N-2,356.1,2,False,1.0
954,N-2,507.7,2,False,1.0
955,N-2,227.9,2,False,1.0
956,N-2,424.7,2,False,1.0
957,N-2,623.2,2,False,1.0
958,N-2,227.9,2,False,1.0
959,N-2,227.9,2,False,1.0
960,N-2,258.6,2,False,1.0
961,N-204,40.4,2,False,1.0
962,N-211,63.8,2,False,1.0
963,N-211,71.7,2,False,1.0
964,N-211,120.4,2,False,1.0
965,N-211A,4.5,2,False,1.0
966,N-211A,4.5,2,False,1.0
967,N-232A,6.3,2,False,1.0
968,N-232A,6.3,2,False,1.0
969,N-232B,21.5,2,False,1.0
970,N-234,190.4,2,False,1.0
971,N-234,65.8,2,False,1.0
972,N-234,5.7,2,False,1.0
973,N-234,65.8,2,False,1.0
974,N-234,65.8,2,False,1.0
975,N-234,29.4,2,False,1.0
976,N-234,42.9,2,False,1.0
977,N-234,13.6,2,False,1.0
978,N-234,102.0,2,False,1.0
979,N-234,65.8,2,False,1.0
980,N-234,70.4,2,False,1.0
981,N-234,122.8,2,False,1.0
982,N-234A,3.8,2,False,1.0
983,N-234A,8.2,2,False,1.0
984,N-234A,12.6,2,False,1.0
985,N-235,466.4,2,False,1.0
986,N-238,161.3,2,False,1.0
987,N-240,723.0,2,False,1.0
988,N-240,297.7,2,False,1.0
989,N-240,159.6,2,False,1.0
990,N-240,200.2,2,False,1.0
991,N-240,240.7,2,False,1.0
992,N-240,280.2,2,False,1.0
993,N-240,42.4,2,False,1.0
994,N-320A,8.2,2,False,1.0
995,N-320A,15.2,2,False,1.0
996,N-322,83.5,2,False,1.0
997,N-322,83.5,4,True,1.0
998,N-322,32.4,4,True,1.0
999,N-322,136.9,2,False,1.0
1000,N-322,200.7,2,False,1.0
1001,N-322,80.6,2,False,1.0
1002,N-322,83.5,2,False,1.0
1003,N-322,219.4,4,True,1.0
1004,N-322,447.7,4,True,1.0
1005,N-322,72.5,2,False,1.0
1006,N-322,52.7,2,False,1.0
1007,N-322A,3.6,2,False,1.0
1008,N-322A,89.9,2,False,1.0
1009,N-322A,35.3,2,False,1.0
1010,N-322A,46.4,2,False,1.0
1011,N-322A,5.4,2,False,1.0
1012,N-323,154.2,2,False,1.0
1013,N-323,154.2,2,False,1.0
1014,N-323,154.2,2,False,1.0
1015,N-323,154.2,2,False,1.0
1016,N-323,58.7,2,False,1.0
1017,N-330,142.7,2,False,1.0
1018,N-330,222.3,4,True,1.0
1019,N-330,24.6,4,True,1.0
1020,N-330,74.6,4,True,1.0
1021,N-330,105.9,4,True,1.0
1022,N-330A,17.1,2,False,1.0
1023,N-330A,12.3,2,False,1.0
1024,N-330A,22.8,2,False,1.0
1025,N-330A,9.2,2,False,1.0
1026,N-330A,8.2,2,False,1.0
1027,N-330A,17.1,2,False,1.0
1028,N-330A,17.1,2,False,1.0
1029,N-330A,17.1,2,False,1.0
1030,N-330A,0.7,2,False,1.0
1031,N-330A,35.8,2,False,1.0
1032,N-330A,161.9,2,False,1.0
1033,N-330A,17.1,2,False,1.0
1034,N-330A,21.9,2,False,1.0
1035,N-330B,15.2,2,False,1.0
1036,N-331,39.7,2,False,1.0
1037,N-331,182.0,2,False,1.0
1038,N-331,75.2,2,False,1.0
1039,N-331,23.0,2,False,1.0
1040,N-331,17.2,2,False,1.0
1041,N-331,9.6,2,False,1.0
1042,N-331,383.3,2,False,1.0
1043,N-331,54.6,2,False,1.0
1044,N-331R,94.7,2,False,1.0
1045,N-331R,94.7,2,False,1.0
1046,N-332,318.2,2,False,1.0
1047,N-332,997.2,3,False,1.0
1048,N-332,550.6,2,False,1.0
1049,N-332,875.4,2,False,1.0
1050,N-332,550.6,2,False,1.0
1051,N-332,835.6,2,False,1.0
1052,N-337,415.6,2,False,1.0
1053,N-337,16.0,2,False,1.0
1054,N-337A,417.5,2,False,1.0
1055,N-338,955.0,3,False,1.0
1056,N-338,1006.8,4,True,1.0
1057,N-339,261.1,2,False,1.0
1058,N-340,132.6,2,False,1.0
1059,N-340,22.2,2,False,1.0
1060,N-340,324.1,2,False,1.0
1061,N-340,39.4,2,False,1.0
1062,N-340,274.8,2,False,1.0
1063,N-340,29.5,2,False,1.0
1064,N-340,16.7,2,False,1.0
1065,N-340,169.8,2,False,1.0
1066,N-340,282.7,2,False,1.0
1067,N-340,280.5,2,False,1.0
1068,N-340,282.7,2,False,1.0
1069,N-340,282.7,2,False,1.0
1070,N-340,707.4,2,False,1.0
1071,N-340,493.4,2,False,1.0
1072,N-340,282.7,2,False,1.0
1073,N-340,389.1,2,False,1.0
1074,N-340A,233.8,2,False,1.0
1075,N-340A,352.8,2,False,1.0
1076,N-340A,233.8,2,False,1.0
1077,N-340A,999.1,4,True,1.0
1078,N-340A,233.8,2,False,1.0
1079,N-340A,496.9,2,False,1.0
1080,N-340A,79.9,2,False,1.0
1081,N-340A,91.8,2,False,1.0
1082,N-340A,59.6,2,False,1.0
1083,N-340A,233.8,2,False,1.0
1084,N-340A,233.8,2,False,1.0
1085,N-340A,126.3,2,False,1.0
1086,N-340A,233.8,2,False,1.0
1087,N-340A,1284.4,3,False,1.0
1088,N-340A,233.8,2,False,1.0
1089,N-340A,292.2,2,False,1.0
1090,N-340A,362.5,2,False,1.0
1091,N-340A,326.6,2,False,1.0
1092,N-340A,132.6,2,False,1.0
1093,N-340A,233.8,2,False,1.0
1094,N-340A,233.8,2,False,1.0
1095,N-340A,4.5,2,False,1.0
1096,N-340R,446.3,2,False,1.0
1097,N-341,147.3,4,True,1.0
1098,N-342,18.9,2,False,1.0
1099,N-343,196.8,2,False,1.0
1100,N-344,145.9,2,False,1.0
1101,N-344,64.2,2,False,1.0
1102,N-344,145.9,2,False,1.0
1103,N-344,355.8,2,False,1.0
1104,N-345,81.7,2,False,1.0
1105,N-346,94.8,4,True,1.0
1106,N-403A,60.0,2,False,1.0
1107,N-420,87.2,2,False,1.0
1108,N-420,114.1,2,False,1.0
1109,N-420,57.0,2,False,1.0
1110,N-420,47.0,2,False,1.0
1111,N-420,75.6,2,False,1.0
1112,N-420,181.5,2,False,1.0
1113,N-420,81.4,2,False,1.0
1114,N-420,81.4,2,False,1.0
1115,N-420A,82.5,2,False,1.0
1116,N-420A,9.2,2,False,1.0
1117,N-420A,249.6,2,False,1.0
1118,N-420A,0.6,2,False,1.0
1119,N-420A,0.3,2,False,1.0
1120,N-420A,2.8,2,False,1.0
1121,N-420A,69.1,2,False,1.0
1122,N-420A,2.5,2,False,1.0
1123,N-420A,2.6,2,False,1.0
1124,N-420A,16.1,2,False,1.0
1125,N-420A,9.2,2,False,1.0
1126,N-420A,150.9,2,False,1.0
1127,N-420A,0.7,2,False,1.0
1128,N-420A,53.8,2,False,1.0
1129,N-420B,196.8,2,False,1.0
1130,N-430,95.5,2,False,1.0
1131,N-430,226.6,2,False,1.0
1132,N-430,124.0,2,False,1.0
1133,N-430,399.6,2,False,1.0
1134,N-430,95.5,2,False,1.0
1135,N-430,95.5,2,False,1.0
1136,N-430,21.5,2,False,1.0
1137,N-430,67.1,2,False,1.0
1138,N-430,46.7,2,False,1.0
1139,N-430A,20.7,2,False,1.0
1140,N-430A,0.8,2,False,1.0
1141,N-430A,25.8,2,False,1.0
1142,N-430A,20.7,2,False,1.0
1143,N-430A,87.0,2,False,1.0
1144,N-430A,74.0,2,False,1.0
1145,N-430C,583.8,2,False,1.0
1146,N-430C,583.8,2,False,1.0
1147,N-431,128.3,2,False,1.0
1148,N-431,221.7,2,False,1.0
1149,N-431,383.9,2,False,1.0
1150,N-431,245.8,2,False,1.0
1151,N-432,576.3,2,False,1.0
1152,N-432,176.6,2,False,1.0
1153,N-432,430.0,2,False,1.0
1154,N-432,188.7,2,False,1.0
1155,N-432,191.0,2,False,1.0
1156,N-432,819.6,2,False,1.0
1157,N-432A,194.0,2,False,1.0
1158,N-432A,51.6,2,False,1.0
1159,N-432A,52.3,2,False,1.0
1160,N-432A,105.9,2,False,1.0
1161,N-432A,50.6,2,False,1.0
1162,N-435A,15.3,2,False,1.0
1163,N-435A,28.6,2,False,1.0
1164,N-435A,2.1,2,False,1.0
1165,N-435A,0.9,2,False,1.0
1166,N-435A,158.4,2,False,1.0
1167,N-437,424.3,2,False,1.0
1168,N-442,662.6,2,False,1.0
1169,N-442,260.9,2,False,1.0
1170,N-444,153.2,2,False,1.0
1171,N-445,212.0,2,False,1.0
1172,N-446,148.1,2,False,1.0
1173,N-4A,39.2,2,False,1.0
1174,N-4A,2.3,2,False,1.0
1175,N-4A,99.4,2,False,1.0
1176,N-5,60.1,2,False,1.0
1177,N-5,17.7,2,False,1.0
1178,N-5,60.1,2,False,1.0
1179,N-5,60.1,2,False,1.0
1180,N-5,60.1,2,False,1.0
1181,N-5,135.6,2,False,1.0
1182,N-525,854.2,2,False,1.0
1183,N-525,166.3,2,False,1.0
1184,N-6,124.3,2,False,1.0
1185,N-6,614.0,2,False,1.0
1186,N-6,124.3,2,False,1.0
1187,N-6,124.3,2,False,1.0
1188,N-601,154.3,2,False,1.0
1189,N-601,1174.3,3,False,1.0
1190,N-601,154.3,2,False,1.0
1191,N-601,17.8,2,False,1.0
1192,N-601,116.5,2,False,1.0
1193,N-601,691.6,2,False,1.0
1194,N-603,181.9,2,False,1.0
1195,N-610,85.6,2,False,1.0
1196,N-610,64.5,2,False,1.0
1197,N-610A,60.1,2,False,1.0
1198,N-611,30.7,2,False,1.0
1199,N-611,22.4,2,False,1.0
1200,N-611,35.3,2,False,1.0
1201,N-611,111.8,2,False,1.0
1202,N-611,290.6,2,False,1.0
1203,N-611A,18.2,2,False,1.0
1204,N-611A,5.3,2,False,1.0
1205,N-611A,0.9,2,False,1.0
1206,N-620,21.7,2,False,1.0
1207,N-620,156.9,2,False,1.0
1208,N-620,48.2,2,False,1.0
1209,N-620,19.9,2,False,1.0
1210,N-620,12.5,2,False,1.0
1211,N-620,119.6,2,False,1.0
1212,N-620A,55.5,2,False,1.0
1213,N-620A,72.1,2,False,1.0
1214,N-620A,9.6,2,False,1.0
1215,N-620A,37.4,2,False,1.0
1216,N-629,245.2,2,False,1.0
1217,N-629A,30.2,2,False,1.0
1218,N-630,388.5,2,False,1.0
1219,N-630,141.0,2,False,1.0
1220,N-630,143.0,2,False,1.0
1221,N-630,94.4,2,False,1.0
1222,N-630,113.5,2,False,1.0
1223,N-630,106.3,2,False,1.0
1224,N-630,21.7,2,False,1.0
1225,N-630,46.2,2,False,1.0
1226,N-630,250.0,2,False,1.0
1227,N-630,106.3,2,False,1.0
1228,N-630,106.3,2,False,1.0
1229,N-630,737.5,2,False,1.0
1230,N-630,111.2,2,False,1.0
1231,N-630,28.4,2,False,1.0
1232,N-630,120.7,2,False,1.0
1233,N-630,328.0,2,False,1.0
1234,N-630,44.1,2,False,1.0
1235,N-630,559.4,2,False,1.0
1236,N-630,27.3,2,False,1.0
1237,N-630,81.5,2,False,1.0
1238,N-630,101.5,2,False,1.0
1239,N-630,27.6,2,False,1.0
1240,N-630,10.7,2,False,1.0
1241,N-630,18.6,2,False,1.0
1242,N-630,54.9,2,False,1.0
1243,N-630,106.3,2,False,1.0
1244,N-630,441.9,2,False,1.0
1245,N-630,1513.4,4,False,1.0
1246,N-630A,490.3,2,False,1.0
1247,N-630A,7.8,2,False,1.0
1248,N-630A,135.8,2,False,1.0
1249,N-630A,4.7,2,False,1.0
1250,N-630A,395.3,2,False,1.0
1251,N-630A,30.5,2,False,1.0
1252,N-630A,83.2,2,False,1.0
1253,N-631,74.5,2,False,1.0
1254,N-632,122.6,2,False,1.0
1255,N-632,14.7,2,False,1.0
1256,N-632,265.9,2,False,1.0
1257,N-632,122.6,2,False,1.0
1258,N-632A,6.7,4,True,1.0
1259,N-632A,6.7,2,False,1.0
1260,N-632A,6.7,2,False,1.0
1261,N-632A,6.7,2,False,1.0
1262,N-634A,24.6,2,False,1.0
1263,N-634R,74.8,2,False,1.0
1264,N-635,183.1,2,False,1.0
1265,N-636,194.6,4,True,1.0
1266,N-636,194.6,2,False,1.0
1267,N-636,194.6,2,False,1.0
1268,N-636,194.6,2,False,1.0
1269,N-640,153.5,2,False,1.0
1270,N-640,370.6,2,False,1.0
1271,N-640,334.0,2,False,1.0
1272,N-640,421.6,2,False,1.0
1273,N-640,518.7,2,False,1.0
1274,N-640,112.2,2,False,1.0
1275,N-640,185.6,2,False,1.0
1276,N-640,334.0,2,False,1.0
1277,N-640A,370.3,2,False,1.0
1278,N-641,196.8,4,True,1.0
1279,N-641,196.8,4,True,1.0
1280,N-642,76.4,2,False,1.0
1281,N-642,286.8,4,True,1.0
1282,N-643,50.7,2,False,1.0
1283,N-651,352.7,2,False,1.0
1284,N-651,341.2,2,False,1.0
1285,N-651,329.6,2,False,1.0
1286,AP-8,196.8,4,True,1.0
1287,AP-8,196.8,4,True,1.0
1288,AP-8,196.8,4,True,1.0
1289,AP-8,196.8,4,True,1.0
1290,AP-8,196.8,4,True,1.0
1291,AP-8,196.8,4,True,1.0
1292,AP-8,196.8,4,True,1.0
1293,N-624,196.8,4,True,1.0
1294,N-638,196.8,4,True,1.0
