segment_id,route_segment,imd_total,daily_bev_traffic_2027,seasonal_multiplier,simulated_charging_rate,n_chargers_stochastic,is_tent,tent_tier
0,A-7S,102470.0,3513.3,2.5,0.131,12,True,Comprehensive
1,A-7S,35364.8,1212.5,2.5,0.132,8,True,Comprehensive
2,A-7S,62093.2,2128.9,2.5,0.1285,12,False,None
3,A-7S,39802.0,1364.6,2.5,0.122,8,True,Comprehensive
4,A-7S,25038.5,858.5,2.5,0.1315,6,True,Comprehensive
5,A-7S,54861.2,1881.0,2.5,0.1065,10,True,Comprehensive
6,A-7S,35364.8,1212.5,2.5,0.1325,8,True,Comprehensive
7,A-7S,67813.0,2325.0,2.5,0.1345,12,True,Core
8,A-7S,35364.8,1212.5,2.5,0.107,7,True,Core
9,A-7S,45253.0,1551.5,2.5,0.1255,10,True,Core
10,N-3,4061.0,139.2,1.0,0.123,2,False,None
11,N-3,1374.8,47.1,1.0,0.1095,2,False,None
12,N-3,8056.2,276.2,1.0,0.127,2,False,None
13,N-3,478.5,16.4,1.0,0.1265,2,False,None
14,A-1,23408.9,802.6,1.0,0.119,2,False,None
15,A-1,82398.6,2825.1,1.0,0.1255,7,True,Core
16,A-1,63356.8,2172.2,1.0,0.139,6,True,Core
17,A-1,23122.1,792.8,1.0,0.131,4,True,Core
18,A-1,16850.2,577.7,1.0,0.1245,4,True,Core
19,A-1,23695.7,812.4,1.0,0.1155,4,True,Core
20,A-1,23408.9,802.6,1.0,0.1355,4,True,Comprehensive
21,A-1,11521.8,395.0,1.0,0.1275,4,True,Comprehensive
22,A-1,8380.0,287.3,1.0,0.135,2,False,None
23,A-23,22326.0,765.5,1.0,0.122,4,True,Comprehensive
24,A-23,16353.5,560.7,1.0,0.124,4,True,Core
25,A-23,10213.1,350.2,1.0,0.1165,4,True,Core
26,A-23,8867.4,304.0,1.0,0.127,4,True,Core
27,A-23,12828.4,439.8,1.0,0.1235,4,True,Core
28,A-23,19014.0,651.9,1.0,0.1365,2,False,None
29,A-23,18935.2,649.2,1.0,0.135,4,True,Comprehensive
30,A-23,19066.6,653.7,1.0,0.132,4,True,Comprehensive
31,A-23,8993.8,308.4,1.0,0.133,4,True,Comprehensive
32,A-23,11520.8,395.0,1.0,0.1345,2,False,None
33,A-23,11520.8,395.0,1.0,0.1255,4,True,Comprehensive
34,A-23,11520.8,395.0,1.0,0.129,4,True,Comprehensive
35,A-23,11520.8,395.0,1.0,0.1325,4,True,Comprehensive
36,A-23,8007.0,274.5,1.0,0.1245,4,True,Comprehensive
37,A-23,7183.5,246.3,1.0,0.1205,4,True,Comprehensive
38,A-23,11520.8,395.0,1.0,0.1225,2,False,None
39,A-23,7707.5,264.3,1.0,0.1135,4,True,Comprehensive
40,A-23,11520.8,395.0,1.0,0.122,2,False,None
41,A-26,14400.8,493.7,1.0,0.133,2,False,None
42,A-26,14400.8,493.7,1.0,0.1325,2,False,None
43,A-27,25707.8,881.4,1.0,0.1205,4,True,Core
44,A-27,21133.8,724.6,1.0,0.122,4,True,Core
45,A-3,44162.3,1514.1,2.5,0.1225,9,False,None
46,A-3,65651.6,2250.9,2.5,0.1295,12,True,Core
47,A-3,31633.2,1084.6,2.5,0.127,7,True,Core
48,A-3,28484.2,976.6,2.5,0.126,6,True,Core
49,A-3,24079.0,825.6,2.5,0.125,5,True,Core
50,A-3,24586.3,843.0,2.5,0.119,5,True,Core
51,A-3,62115.5,2129.7,2.5,0.1385,12,True,Core
52,A-3,61221.5,2099.0,2.5,0.118,12,True,Core
53,A-3,37897.8,1299.4,2.5,0.1185,8,False,None
54,A-30,14681.0,503.3,2.5,0.12,4,True,Comprehensive
55,A-30,46830.1,1605.6,2.5,0.1175,9,True,Comprehensive
56,A-30,54109.7,1855.2,2.5,0.1265,11,False,None
57,A-55,21221.8,727.6,1.0,0.1275,4,True,Core
58,A-55,36506.3,1251.6,1.0,0.128,3,False,None
59,A-56,922.7,31.6,1.0,0.133,2,False,None
60,A-58,4945.1,169.5,1.0,0.129,2,False,None
61,A-5R,121782.2,4175.4,1.0,0.127,10,False,None
62,A-6,17205.8,589.9,1.5,0.137,3,False,None
63,A-6,66504.0,2280.1,1.5,0.1245,8,True,Comprehensive
64,A-6,57399.9,1968.0,1.5,0.1355,8,True,Comprehensive
65,A-6,17205.8,589.9,1.5,0.132,3,False,None
66,A-6,19871.7,681.3,1.5,0.131,4,True,Comprehensive
67,A-6,17205.8,589.9,1.5,0.1155,4,True,Comprehensive
68,A-6,17205.8,589.9,1.5,0.1255,4,True,Core
69,A-6,16907.1,579.7,1.5,0.1365,4,True,Comprehensive
70,A-6,17205.8,589.9,1.5,0.1285,4,True,Comprehensive
71,A-6,20716.2,710.3,1.5,0.118,4,True,Comprehensive
72,A-6,7338.5,251.6,1.5,0.108,4,True,Comprehensive
73,A-6,13365.4,458.2,1.5,0.13,4,True,Comprehensive
74,A-6,9270.8,317.9,1.5,0.133,4,True,Comprehensive
75,A-6,18134.5,621.8,1.5,0.1345,4,True,Comprehensive
76,A-6,17182.2,589.1,1.5,0.133,4,True,Core
77,A-6,17997.5,617.1,1.5,0.1085,4,True,Comprehensive
78,A-6,12487.5,428.1,1.5,0.122,2,False,None
79,A-60,9084.0,311.5,1.5,0.133,2,False,None
80,A-60,10717.5,367.5,1.5,0.123,2,False,None
81,A-62,13926.4,477.5,1.5,0.13,4,True,Core
82,A-62,28764.6,986.2,1.5,0.1265,4,True,Core
83,A-62,27673.2,948.8,1.5,0.116,4,True,Core
84,A-62,39567.4,1356.6,1.5,0.1255,5,True,Core
85,A-62,19825.2,679.7,1.5,0.1255,4,True,Core
86,A-62,13113.3,449.6,1.5,0.129,4,True,Core
87,A-62,26745.2,917.0,1.5,0.123,4,True,Core
88,A-62,8017.0,274.9,1.5,0.13,4,True,Core
89,A-62,19825.2,679.7,1.5,0.1185,3,False,None
90,A-62,5353.0,183.5,1.5,0.139,4,True,Core
91,A-63,12148.9,416.5,1.5,0.13,2,False,None
92,A-63R,5740.9,196.8,1.5,0.1295,2,False,None
93,A-64,25337.5,868.7,1.5,0.1325,4,True,Comprehensive
94,A-65,7984.0,273.7,1.5,0.141,4,True,Comprehensive
95,A-66,52440.5,1798.0,1.5,0.1425,8,True,Comprehensive
96,A-66,43787.2,1501.3,1.5,0.1295,6,True,Comprehensive
97,A-66,25299.7,867.4,1.5,0.1205,4,True,Comprehensive
98,A-66,18215.0,624.5,1.5,0.1155,4,True,Comprehensive
99,A-66,13543.3,464.3,1.5,0.11,2,False,None
100,A-66,10966.5,376.0,1.5,0.1315,4,True,Comprehensive
101,A-66,11197.9,383.9,1.5,0.1185,4,True,Comprehensive
102,A-66,13543.3,464.3,1.5,0.1325,4,True,Comprehensive
103,A-66,6660.7,228.4,1.5,0.115,4,True,Comprehensive
104,A-66,7160.2,245.5,1.5,0.1095,4,True,Comprehensive
105,A-66,7929.7,271.9,1.5,0.1235,4,True,Comprehensive
106,A-66,21576.8,739.8,1.5,0.1245,4,True,Comprehensive
107,A-66,11010.1,377.5,1.5,0.1345,4,True,Comprehensive
108,A-66,12287.3,421.3,1.5,0.1355,4,True,Comprehensive
109,A-66,11468.4,393.2,1.5,0.1215,4,True,Comprehensive
110,A-66,16720.7,573.3,1.5,0.1215,4,True,Comprehensive
111,A-66,14799.4,507.4,1.5,0.1175,4,True,Comprehensive
112,A-66,27837.8,954.4,1.5,0.134,4,True,Comprehensive
113,A-67,17076.0,585.5,1.5,0.122,4,True,Comprehensive
114,A-67,7365.7,252.5,1.5,0.1305,2,False,None
115,A-67,18234.7,625.2,1.5,0.1275,4,True,Comprehensive
116,A-67,52646.8,1805.0,1.5,0.123,7,True,Comprehensive
117,A-67,17655.4,605.3,1.5,0.1235,3,False,None
118,A-68,26040.8,892.8,1.5,0.1365,4,False,None
119,A-68,19587.6,671.6,1.5,0.127,3,False,None
120,A-68,26040.8,892.8,1.5,0.1125,3,False,None
121,A-68,47906.0,1642.5,1.5,0.13,6,False,None
122,A-68,31823.5,1091.1,1.5,0.1185,4,False,None
123,A-68,25790.2,884.2,1.5,0.1225,4,False,None
124,A-7,32682.6,1120.5,2.5,0.1305,7,False,None
125,A-7,43249.9,1482.9,2.5,0.1265,9,False,None
126,A-7,83265.4,2854.8,2.5,0.1275,12,True,Core
127,A-7,67142.0,2302.0,2.5,0.125,12,True,Core
128,A-7,74727.0,2562.1,2.5,0.121,12,True,Core
129,A-7,60115.8,2061.1,2.5,0.1405,12,True,Comprehensive
130,A-7,19914.9,682.8,2.5,0.1285,5,False,None
131,A-7,43249.9,1482.9,2.5,0.1205,9,False,None
132,A-7,2451.0,84.0,2.5,0.136,4,True,Comprehensive
133,A-7,52912.5,1814.1,2.5,0.133,12,True,Core
134,A-7,48182.0,1652.0,2.5,0.1215,10,True,Core
135,A-7,38317.8,1313.8,2.5,0.1345,9,True,Core
136,A-7,14360.5,492.4,2.5,0.1345,4,True,Core
137,A-7,32391.0,1110.5,2.5,0.116,6,False,None
138,A-70,75561.2,2590.7,2.5,0.1275,12,True,Core
139,A-70,68688.8,2355.0,2.5,0.123,12,True,Core
140,A-70,55379.0,1898.7,2.5,0.125,11,True,Core
141,A-73,5178.0,177.5,2.5,0.1215,4,True,Comprehensive
142,A-73,5178.0,177.5,2.5,0.1305,2,False,None
143,A-73R,3124.0,107.1,2.5,0.1275,2,False,None
144,A-75,3455.6,118.5,2.5,0.139,4,True,Comprehensive
145,A-75,3455.6,118.5,2.5,0.1255,4,True,Comprehensive
146,A-77,19208.0,658.6,2.5,0.125,4,False,None
147,A-77A,34006.2,1165.9,2.5,0.14,8,False,None
148,A-79,9915.0,339.9,2.5,0.1305,3,False,None
149,A-8,19712.4,675.9,1.5,0.1095,4,True,Core
150,A-8,19712.4,675.9,1.5,0.12,3,False,None
151,A-8,19712.4,675.9,1.5,0.1265,4,True,Core
152,A-8,36589.0,1254.5,1.5,0.121,5,True,Core
153,A-8,20879.9,715.9,1.5,0.1365,4,True,Core
154,A-8,43017.5,1474.9,1.5,0.129,6,True,Core
155,A-8,27924.2,957.4,1.5,0.129,4,True,Core
156,A-8,11662.4,399.9,1.5,0.121,4,True,Core
157,A-8,15577.8,534.1,1.5,0.1425,4,True,Core
158,A-8,20668.9,708.6,1.5,0.116,4,True,Core
159,AP-7R,28815.3,988.0,2.5,0.143,7,False,None
160,AP-9,29918.2,1025.8,1.5,0.115,4,True,Core
161,AP-9,22177.8,760.4,1.5,0.12,4,True,Core
162,AP-9,16090.0,551.7,1.5,0.115,4,True,Core
163,AP-9,26663.8,914.2,1.5,0.125,4,True,Core
164,AP-9,42467.0,1456.0,1.5,0.1165,5,True,Core
165,AP-9,21969.2,753.2,1.5,0.137,4,True,Comprehensive
166,AP-9,6317.1,216.6,1.5,0.113,2,False,None
167,AP-9F,19375.5,664.3,1.5,0.119,4,True,Comprehensive
168,AP-9V,51292.5,1758.6,1.5,0.1235,7,False,None
169,N-1,4282.0,146.8,1.0,0.152,2,False,None
170,N-1,2513.0,86.2,1.0,0.1345,2,False,None
171,N-1,2513.0,86.2,1.0,0.129,2,False,None
172,N-1,2513.0,86.2,1.0,0.127,2,False,None
173,N-1,3256.9,111.7,1.0,0.124,2,False,None
174,N-1,2513.0,86.2,1.0,0.1145,2,False,None
175,N-1,498.0,17.1,1.0,0.134,2,False,None
176,N-1,2513.0,86.2,1.0,0.1165,2,False,None
177,N-110,1339.4,45.9,1.0,0.1285,2,False,None
178,N-110,3523.3,120.8,1.0,0.119,2,False,None
179,N-110,1988.6,68.2,1.0,0.1255,2,False,None
180,N-110,3189.1,109.3,1.0,0.1375,2,False,None
181,N-110,5853.8,200.7,1.0,0.1245,2,False,None
182,N-110,3857.6,132.3,1.0,0.1235,2,False,None
183,N-110,4024.6,138.0,1.0,0.1165,2,False,None
184,N-110A,1261.8,43.3,1.0,0.1245,2,False,None
185,N-110A,41.0,1.4,1.0,0.1245,2,False,None
186,N-110A,159.5,5.5,1.0,0.145,2,False,None
187,N-110A,147.5,5.1,1.0,0.1255,2,False,None
188,N-110A,9.5,0.3,1.0,0.1215,2,False,None
189,N-110A,147.5,5.1,1.0,0.121,2,False,None
190,N-111,4412.4,151.3,1.0,0.1265,2,False,None
191,N-111,322.8,11.1,1.0,0.13,2,False,None
192,N-111,243.4,8.3,1.0,0.13,2,False,None
193,N-111,6734.2,230.9,1.0,0.131,2,False,None
194,N-111,4412.4,151.3,1.0,0.123,2,False,None
195,N-111,22094.8,757.5,1.0,0.125,2,False,None
196,N-111A,27.0,0.9,1.0,0.1185,2,False,None
197,N-111R,199.2,6.8,1.0,0.121,2,False,None
198,N-113,5227.6,179.2,1.0,0.1295,4,True,Comprehensive
199,N-113,4300.8,147.5,1.0,0.127,2,False,None
200,N-113,4300.8,147.5,1.0,0.122,4,True,Comprehensive
201,N-113,3373.9,115.7,1.0,0.121,4,True,Comprehensive
202,N-113,4300.8,147.5,1.0,0.134,4,True,Comprehensive
203,N-120,2532.0,86.8,1.0,0.1165,2,False,None
204,N-120,1768.8,60.6,1.0,0.1305,2,False,None
205,N-120,4703.8,161.3,1.0,0.116,2,False,None
206,N-120,4754.3,163.0,1.0,0.1185,2,False,None
207,N-120,1965.2,67.4,1.0,0.123,2,False,None
208,N-120,376.8,12.9,1.0,0.128,2,False,None
209,N-120,4754.3,163.0,1.0,0.1265,2,False,None
210,N-120,4754.3,163.0,1.0,0.1195,4,True,Comprehensive
211,N-120,12319.5,422.4,1.0,0.12,4,True,Comprehensive
212,N-120,8672.2,297.3,1.0,0.1325,4,True,Comprehensive
213,N-120,4754.3,163.0,1.0,0.138,4,True,Comprehensive
214,N-120,9829.9,337.0,1.0,0.1365,2,False,None
215,N-120,4804.8,164.7,1.0,0.1135,2,False,None
216,N-120,4754.3,163.0,1.0,0.1345,2,False,None
217,N-120,5051.8,173.2,1.0,0.1335,2,False,None
218,N-120,4754.3,163.0,1.0,0.1325,2,False,None
219,N-120,6218.8,213.2,1.0,0.1265,2,False,None
220,N-120,4754.3,163.0,1.0,0.1145,2,False,None
221,N-125,8748.2,299.9,1.0,0.1275,4,True,Comprehensive
222,N-125,8748.2,299.9,1.0,0.1365,4,True,Comprehensive
223,N-126,6616.5,226.9,1.0,0.117,2,False,None
224,N-141,419.8,14.4,1.0,0.1155,2,False,None
225,N-145,13888.6,476.2,1.0,0.128,2,False,None
226,N-152,7859.8,269.5,1.0,0.13,4,True,Comprehensive
227,N-154,7164.2,245.6,1.0,0.1215,2,False,None
228,N-154,6762.8,231.9,1.0,0.1315,2,False,None
229,N-155,1952.5,66.9,1.0,0.1165,2,False,None
230,N-156,7462.0,255.8,1.0,0.139,2,False,None
231,N-156,5060.8,173.5,1.0,0.1105,2,False,None
232,N-1A,12290.0,421.4,1.0,0.141,2,False,None
233,N-1A,15031.0,515.3,1.0,0.1235,2,False,None
234,N-1A,4566.2,156.6,1.0,0.122,2,False,None
235,N-1A,3035.0,104.1,1.0,0.1255,2,False,None
236,N-1A,3481.6,119.4,1.0,0.124,2,False,None
237,N-1A,473.2,16.2,1.0,0.1365,2,False,None
238,N-1A,3481.6,119.4,1.0,0.129,2,False,None
239,N-1A,235.0,8.1,1.0,0.1205,2,False,None
240,N-1A,3481.6,119.4,1.0,0.1245,2,False,None
241,N-1A,3928.2,134.7,1.0,0.1265,2,False,None
242,N-1A,5264.0,180.5,1.0,0.124,2,False,None
243,N-211A,131.2,4.5,1.0,0.127,2,False,None
244,N-211A,131.2,4.5,1.0,0.141,2,False,None
245,N-220,36286.2,1244.1,1.0,0.129,3,False,None
246,N-223,4187.8,143.6,1.0,0.125,2,False,None
247,N-223,11402.5,390.9,1.0,0.1065,2,False,None
248,N-223,7795.1,267.3,1.0,0.1225,2,False,None
249,N-225,5383.6,184.6,1.0,0.1225,2,False,None
250,N-225,7333.8,251.4,1.0,0.1285,2,False,None
251,N-225,6615.8,226.8,1.0,0.1285,2,False,None
252,N-225,3637.5,124.7,1.0,0.126,2,False,None
253,N-225A,70.2,2.4,1.0,0.1035,2,False,None
254,N-230,3689.6,126.5,1.0,0.128,2,False,None
255,N-230,3924.0,134.5,1.0,0.1185,4,True,Comprehensive
256,N-230,3455.3,118.5,1.0,0.131,4,True,Comprehensive
257,N-232,4619.7,158.4,1.0,0.1335,2,False,None
258,N-232,3966.0,136.0,1.0,0.1315,2,False,None
259,N-232,4761.1,163.2,1.0,0.1365,2,False,None
260,N-232,15689.1,537.9,1.0,0.1215,2,False,None
261,N-232,4619.7,158.4,1.0,0.134,2,False,None
262,N-232,4619.7,158.4,1.0,0.12,2,False,None
263,N-232,7426.3,254.6,1.0,0.1185,2,False,None
264,N-232,4478.4,153.5,1.0,0.1195,2,False,None
265,N-232,1319.1,45.2,1.0,0.1325,2,False,None
266,N-232A,183.5,6.3,1.0,0.1245,2,False,None
267,N-232A,183.5,6.3,1.0,0.117,2,False,None
268,N-232A,77.0,2.6,1.0,0.132,2,False,None
269,N-232A,8.0,0.3,1.0,0.1365,2,False,None
270,N-232A,183.5,6.3,1.0,0.141,2,False,None
271,N-232A,290.0,9.9,1.0,0.1315,2,False,None
272,N-232A,183.5,6.3,1.0,0.136,2,False,None
273,N-232A,6.5,0.2,1.0,0.1215,2,False,None
274,N-232A,183.5,6.3,1.0,0.129,2,False,None
275,N-232A,67.5,2.3,1.0,0.1245,2,False,None
276,N-232A,183.5,6.3,1.0,0.1365,2,False,None
277,N-232A,17.5,0.6,1.0,0.13,2,False,None
278,N-232A,569.5,19.5,1.0,0.1295,2,False,None
279,N-232A,183.5,6.3,1.0,0.107,2,False,None
280,N-232A,4713.2,161.6,1.0,0.127,2,False,None
281,N-232A,2255.5,77.3,1.0,0.146,2,False,None
282,N-232A,183.5,6.3,1.0,0.133,2,False,None
283,N-232A,589.0,20.2,1.0,0.1285,2,False,None
284,N-240,2176.6,74.6,1.0,0.1275,2,False,None
285,N-240,3616.2,124.0,1.0,0.1225,2,False,None
286,N-240,12070.0,413.8,1.0,0.1205,4,True,Comprehensive
287,N-240,1574.9,54.0,1.0,0.1335,2,False,None
288,N-240,5838.2,200.2,1.0,0.1215,2,False,None
289,N-240,5838.2,200.2,1.0,0.129,2,False,None
290,N-240A,83.5,2.9,1.0,0.131,2,False,None
291,N-240A,6878.0,235.8,1.0,0.117,2,False,None
292,N-240R,5740.9,196.8,1.0,0.12,2,False,None
293,N-240R,5740.9,196.8,1.0,0.1265,2,False,None
294,N-240R,5740.9,196.8,1.0,0.142,2,False,None
295,N-240R,5740.9,196.8,1.0,0.119,2,False,None
296,N-240R,5740.9,196.8,1.0,0.129,2,False,None
297,N-260,6935.6,237.8,1.0,0.1185,2,False,None
298,N-260,7898.6,270.8,1.0,0.1285,2,False,None
299,N-260,343.2,11.8,1.0,0.125,2,False,None
300,N-260,7274.0,249.4,1.0,0.13,2,False,None
301,N-260,4845.8,166.1,1.0,0.1275,2,False,None
302,N-260,5710.5,195.8,1.0,0.1235,4,True,Comprehensive
303,N-260,5221.1,179.0,1.0,0.1175,2,False,None
304,N-260,3515.4,120.5,1.0,0.1215,2,False,None
305,N-260,1882.6,64.5,1.0,0.12,2,False,None
306,N-260A,33.5,1.1,1.0,0.1215,2,False,None
307,N-260A,67.8,2.3,1.0,0.117,2,False,None
308,N-260A,87.5,3.0,1.0,0.145,2,False,None
309,N-260A,77.6,2.7,1.0,0.12,2,False,None
310,N-260A,2401.8,82.3,1.0,0.1165,2,False,None
311,N-260R,3011.0,103.2,1.0,0.122,4,True,Comprehensive
312,N-2A,13555.7,464.8,1.0,0.143,2,False,None
313,N-2A,11612.0,398.1,1.0,0.1175,2,False,None
314,N-2A,20478.8,702.1,1.0,0.1245,2,False,None
315,N-2A,11612.0,398.1,1.0,0.1265,2,False,None
316,N-2A,38.0,1.3,1.0,0.1265,2,False,None
317,N-2A,9668.2,331.5,1.0,0.1225,2,False,None
318,N-2R,584.5,20.0,1.0,0.128,2,False,None
319,N-2R,555.0,19.0,1.0,0.126,2,False,None
320,N-2R,555.0,19.0,1.0,0.1225,2,False,None
321,N-2R,485.5,16.6,1.0,0.1175,2,False,None
322,N-301,3338.7,114.5,1.0,0.1285,2,False,None
323,N-301,994.1,34.1,1.0,0.1235,2,False,None
324,N-301,222.2,7.6,1.0,0.125,2,False,None
325,N-301,3414.8,117.1,1.0,0.129,2,False,None
326,N-301,679.0,23.3,1.0,0.129,2,False,None
327,N-301,994.1,34.1,1.0,0.118,2,False,None
328,N-301,967.8,33.2,1.0,0.1165,2,False,None
329,N-301,1573.5,53.9,1.0,0.116,2,False,None
330,N-310,2563.2,87.9,1.0,0.1265,2,False,None
331,N-310,1587.6,54.4,1.0,0.1045,2,False,None
332,N-320,4334.5,148.6,1.0,0.1275,2,False,None
333,N-320,5208.9,178.6,1.0,0.131,2,False,None
334,N-320,6083.3,208.6,1.0,0.136,2,False,None
335,N-320A,341.7,11.7,1.0,0.1235,2,False,None
336,N-323,4498.9,154.2,1.0,0.1155,4,True,Comprehensive
337,N-323,5916.8,202.9,1.0,0.13,2,False,None
338,N-323,4498.9,154.2,1.0,0.1295,4,True,Comprehensive
339,N-323A,1175.7,40.3,1.0,0.1225,2,False,None
340,N-323A,837.8,28.7,1.0,0.1185,2,False,None
341,N-323A,3486.2,119.5,1.0,0.1275,2,False,None
342,N-323A,4927.5,168.9,1.0,0.134,2,False,None
343,N-323A,54.5,1.9,1.0,0.1225,2,False,None
344,N-323A,185.5,6.4,1.0,0.1425,2,False,None
345,N-323A,500.0,17.1,1.0,0.133,2,False,None
346,N-325,11358.5,389.4,1.0,0.115,2,False,None
347,N-325,6159.2,211.2,1.0,0.125,2,False,None
348,N-330,2032.6,69.7,1.0,0.13,2,False,None
349,N-330,1557.9,53.4,1.0,0.129,2,False,None
350,N-330,17532.3,601.1,1.0,0.1235,2,False,None
351,N-330,720.1,24.7,1.0,0.111,2,False,None
352,N-330,1903.4,65.3,1.0,0.14,2,False,None
353,N-330,1903.4,65.3,1.0,0.126,2,False,None
354,N-330,4678.5,160.4,1.0,0.1225,2,False,None
355,N-330,36286.8,1244.1,1.0,0.1285,3,False,None
356,N-330,1309.0,44.9,1.0,0.128,2,False,None
357,N-330,347.5,11.9,1.0,0.1255,2,False,None
358,N-330,339.8,11.6,1.0,0.122,2,False,None
359,N-330,1774.2,60.8,1.0,0.116,2,False,None
360,N-330,215.0,7.4,1.0,0.123,2,False,None
361,N-332,29407.0,1008.2,1.0,0.121,3,False,None
362,N-332,16601.5,569.2,1.0,0.1245,2,False,None
363,N-332,15214.8,521.7,1.0,0.1315,2,False,None
364,N-332,42508.5,1457.4,1.0,0.142,4,False,None
365,N-332,22764.0,780.5,1.0,0.1205,2,False,None
366,N-332,16059.2,550.6,1.0,0.1295,2,False,None
367,N-332,11011.0,377.5,1.0,0.132,2,False,None
368,N-332,6872.0,235.6,1.0,0.1355,2,False,None
369,N-332,7262.8,249.0,1.0,0.136,2,False,None
370,N-332,16059.2,550.6,1.0,0.124,2,False,None
371,N-332,13671.1,468.7,1.0,0.1255,2,False,None
372,N-332,9791.2,335.7,1.0,0.1165,2,False,None
373,N-332A,3295.3,113.0,1.0,0.1295,2,False,None
374,N-332A,3174.5,108.8,1.0,0.1295,2,False,None
375,N-332R,7840.5,268.8,1.0,0.124,2,False,None
376,N-334,52428.5,1797.5,1.0,0.122,5,False,None
377,N-334,52428.5,1797.5,1.0,0.1265,5,False,None
378,N-340,8246.2,282.7,1.0,0.125,2,False,None
379,N-340,8246.2,282.7,1.0,0.1215,2,False,None
380,N-340,938.8,32.2,1.0,0.1315,2,False,None
381,N-340,23717.5,813.2,1.0,0.1185,2,False,None
382,N-340,9655.5,331.0,1.0,0.1195,2,False,None
383,N-340,7856.8,269.4,1.0,0.125,2,False,None
384,N-340,5080.2,174.2,1.0,0.1285,2,False,None
385,N-340,8246.2,282.7,1.0,0.1435,2,False,None
386,N-340,8246.2,282.7,1.0,0.129,2,False,None
387,N-340,13233.1,453.7,1.0,0.135,2,False,None
388,N-340,8246.2,282.7,1.0,0.1215,4,True,Comprehensive
389,N-340,8310.4,284.9,1.0,0.127,4,True,Comprehensive
390,N-340,8246.2,282.7,1.0,0.1365,2,False,None
391,N-340,8092.4,277.5,1.0,0.1255,2,False,None
392,N-340,8246.2,282.7,1.0,0.1205,2,False,None
393,N-340,16987.2,582.4,1.0,0.1125,2,False,None
394,N-340,14443.5,495.2,1.0,0.129,2,False,None
395,N-340,8246.2,282.7,1.0,0.129,2,False,None
396,N-340,18588.2,637.3,1.0,0.1235,2,False,None
397,N-340,8246.2,282.7,1.0,0.132,2,False,None
398,N-340,29352.2,1006.4,1.0,0.1215,3,False,None
399,N-340A,10265.0,351.9,1.0,0.122,2,False,None
400,N-340A,818.0,28.0,1.0,0.1135,2,False,None
401,N-340A,6819.0,233.8,1.0,0.1315,2,False,None
402,N-340A,5114.2,175.3,1.0,0.1205,2,False,None
403,N-340A,6819.0,233.8,1.0,0.122,2,False,None
404,N-347AL,5194.5,178.1,1.0,0.1285,4,True,Comprehensive
405,N-347GR,8640.0,296.2,1.0,0.1265,2,False,None
406,N-349,13089.5,448.8,1.0,0.1175,4,True,Comprehensive
407,N-350,17440.8,598.0,1.0,0.121,2,False,None
408,N-351,5740.9,196.8,1.0,0.129,2,False,None
409,N-351,5740.9,196.8,1.0,0.122,2,False,None
410,N-357,8845.2,303.3,1.0,0.1325,2,False,None
411,N-357,8845.2,303.3,1.0,0.125,4,True,Core
412,N-357,8845.2,303.3,1.0,0.132,4,True,Core
413,N-400,6557.6,224.8,1.0,0.1285,2,False,None
414,N-400,3191.2,109.4,1.0,0.135,2,False,None
415,N-400,700.2,24.0,1.0,0.1295,2,False,None
416,N-400,700.2,24.0,1.0,0.123,2,False,None
417,N-400,553.3,19.0,1.0,0.13,2,False,None
418,N-400,332.4,11.4,1.0,0.136,2,False,None
419,N-400,700.2,24.0,1.0,0.1345,2,False,None
420,N-400A,67.8,2.3,1.0,0.1355,2,False,None
421,N-401,5156.4,176.8,1.0,0.1265,2,False,None
422,N-401A,2211.5,75.8,1.0,0.1275,2,False,None
423,N-401A,1446.2,49.6,1.0,0.1225,2,False,None
424,N-401A,4708.8,161.4,1.0,0.1285,2,False,None
425,N-401A,2211.5,75.8,1.0,0.118,2,False,None
426,N-401A,2211.5,75.8,1.0,0.1275,2,False,None
427,N-403,515.8,17.7,1.0,0.134,2,False,None
428,N-403,3765.1,129.1,1.0,0.129,2,False,None
429,N-403,6163.2,211.3,1.0,0.1195,2,False,None
430,N-403,2993.8,102.6,1.0,0.126,2,False,None
431,N-403A,440.2,15.1,1.0,0.1175,2,False,None
432,N-403A,2075.0,71.1,1.0,0.116,2,False,None
433,N-403A,1425.5,48.9,1.0,0.1285,2,False,None
434,N-403A,2487.2,85.3,1.0,0.1315,2,False,None
435,N-430A,169.2,5.8,1.0,0.1275,2,False,None
436,N-430A,452.5,15.5,1.0,0.1225,2,False,None
437,N-432A,158.5,5.4,1.0,0.131,2,False,None
438,N-432A,31.5,1.1,1.0,0.1475,2,False,None
439,N-432A,89.0,3.1,1.0,0.104,2,False,None
440,N-432A,59.2,2.0,1.0,0.1335,2,False,None
441,N-432A,498.3,17.1,1.0,0.1225,2,False,None
442,N-432A,80.5,2.8,1.0,0.116,2,False,None
443,N-432A,18.0,0.6,1.0,0.125,2,False,None
444,N-432A,64.2,2.2,1.0,0.12,2,False,None
445,N-432A,539.2,18.5,1.0,0.123,2,False,None
446,N-432A,209.2,7.2,1.0,0.1175,2,False,None
447,N-432A,1523.8,52.2,1.0,0.1235,2,False,None
448,N-432A,3287.0,112.7,1.0,0.1325,2,False,None
449,N-432A,498.3,17.1,1.0,0.122,2,False,None
450,N-432A,498.3,17.1,1.0,0.116,2,False,None
451,N-432A,491.7,16.9,1.0,0.118,2,False,None
452,N-432A,2230.8,76.5,1.0,0.142,2,False,None
453,N-432A,505.0,17.3,1.0,0.1245,2,False,None
454,N-432A,193.7,6.6,1.0,0.1205,2,False,None
455,N-432A,498.3,17.1,1.0,0.138,2,False,None
456,N-432R,1953.8,67.0,1.0,0.1415,2,False,None
457,N-433,3155.6,108.2,1.0,0.13,2,False,None
458,N-433,4284.3,146.9,1.0,0.122,4,True,Comprehensive
459,N-433,2027.0,69.5,1.0,0.124,4,True,Comprehensive
460,N-435,3488.0,119.6,1.0,0.1185,2,False,None
461,N-435A,446.6,15.3,1.0,0.124,2,False,None
462,N-5,6992.8,239.8,1.0,0.1325,2,False,None
463,N-5,334.8,11.5,1.0,0.1125,2,False,None
464,N-5,3888.0,133.3,1.0,0.1315,4,True,Comprehensive
465,N-5,1752.2,60.1,1.0,0.129,2,False,None
466,N-5,707.8,24.3,1.0,0.12,2,False,None
467,N-501,6677.3,228.9,1.0,0.1175,2,False,None
468,N-501,802.6,27.5,1.0,0.128,2,False,None
469,N-501,3615.0,123.9,1.0,0.1165,4,True,Comprehensive
470,N-501,3615.0,123.9,1.0,0.13,2,False,None
471,N-501A,653.8,22.4,1.0,0.1355,2,False,None
472,N-502,2284.3,78.3,1.0,0.119,2,False,None
473,N-502,1998.0,68.5,1.0,0.1225,2,False,None
474,N-502,1711.7,58.7,1.0,0.1305,2,False,None
475,N-502A,526.2,18.0,1.0,0.118,2,False,None
476,N-502A,526.2,18.0,1.0,0.126,2,False,None
477,N-502A,526.2,18.0,1.0,0.1285,2,False,None
478,N-502A,7505.2,257.3,1.0,0.132,2,False,None
479,N-502A,526.2,18.0,1.0,0.1265,2,False,None
480,N-502A,762.5,26.1,1.0,0.1255,2,False,None
481,N-502A,526.2,18.0,1.0,0.1255,2,False,None
482,N-502A,30.8,1.1,1.0,0.1285,2,False,None
483,N-502A,40.5,1.4,1.0,0.1325,2,False,None
484,N-521,1250.2,42.9,1.0,0.115,2,False,None
485,N-521,8523.1,292.2,1.0,0.1245,2,False,None
486,N-521,5347.9,183.4,1.0,0.117,2,False,None
487,N-521,12834.5,440.0,1.0,0.131,2,False,None
488,N-521,2172.6,74.5,1.0,0.1355,2,False,None
489,N-523,3544.9,121.5,1.0,0.1175,2,False,None
490,N-523,8087.3,277.3,1.0,0.1255,2,False,None
491,N-525,1901.8,65.2,1.0,0.1365,2,False,None
492,N-525,892.9,30.6,1.0,0.1275,2,False,None
493,N-525,3943.6,135.2,1.0,0.125,2,False,None
494,N-525,5757.5,197.4,1.0,0.1115,2,False,None
495,N-525,8550.2,293.2,1.0,0.125,2,False,None
496,N-532,2540.0,87.1,1.0,0.115,2,False,None
497,N-536,2005.1,68.7,1.0,0.117,2,False,None
498,N-540,13468.0,461.8,1.0,0.1315,2,False,None
499,N-540,7132.2,244.5,1.0,0.1275,2,False,None
500,N-540,3656.5,125.4,1.0,0.1225,2,False,None
501,N-540A,175.2,6.0,1.0,0.1325,2,False,None
502,N-541,3324.3,114.0,1.0,0.1305,2,False,None
503,N-542,22214.0,761.6,1.0,0.1355,2,False,None
504,N-544,6750.0,231.4,1.0,0.1115,2,False,None
505,N-547,3638.0,124.7,1.0,0.123,2,False,None
506,N-550,21488.2,736.7,1.0,0.129,2,False,None
507,N-550,10921.5,374.5,1.0,0.139,2,False,None
508,N-550,25214.0,864.5,1.0,0.1215,2,False,None
509,N-550,12766.1,437.7,1.0,0.1255,2,False,None
510,N-550,6411.2,219.8,1.0,0.128,2,False,None
511,N-550,14178.3,486.1,1.0,0.1285,2,False,None
512,N-550,14178.3,486.1,1.0,0.122,2,False,None
513,N-550,15590.5,534.5,1.0,0.118,2,False,None
514,N-550A,10617.8,364.0,1.0,0.119,2,False,None
515,N-550A,4770.8,163.6,1.0,0.141,2,False,None
516,N-550R,7148.8,245.1,1.0,0.1195,2,False,None
517,N-551,6004.4,205.9,1.0,0.1245,2,False,None
518,N-552,11743.4,402.6,1.0,0.1315,2,False,None
519,N-554,9803.1,336.1,1.0,0.117,2,False,None
520,N-555,7669.8,263.0,1.0,0.1245,2,False,None
521,N-556,10286.8,352.7,1.0,0.121,2,False,None
522,N-559,707.2,24.2,1.0,0.1305,2,False,None
523,N-5A,2101.5,72.1,1.0,0.1215,2,False,None
524,N-5A,15810.2,542.1,1.0,0.126,2,False,None
525,N-5A,8955.9,307.1,1.0,0.129,2,False,None
526,N-6,13867.5,475.5,1.0,0.1115,2,False,None
527,N-6,6970.4,239.0,1.0,0.124,2,False,None
528,N-6,69.0,2.4,1.0,0.1265,2,False,None
529,N-6,204.2,7.0,1.0,0.133,2,False,None
530,N-6,3624.6,124.3,1.0,0.126,2,False,None
531,N-6,4039.8,138.5,1.0,0.1335,2,False,None
532,N-6,3624.6,124.3,1.0,0.122,2,False,None
533,N-6,975.5,33.4,1.0,0.1225,2,False,None
534,N-6,1440.1,49.4,1.0,0.129,2,False,None
535,N-6,2046.5,70.2,1.0,0.1435,2,False,None
536,N-6,3209.4,110.0,1.0,0.1315,2,False,None
537,N-6,17821.5,611.0,1.0,0.1185,2,False,None
538,N-6,25406.5,871.1,1.0,0.116,2,False,None
539,N-6,13716.0,470.3,1.0,0.1345,2,False,None
540,N-6,2980.7,102.2,1.0,0.1375,2,False,None
541,N-620A,24700.0,846.9,1.0,0.1235,2,False,None
542,N-620A,2609.2,89.5,1.0,0.135,2,False,None
543,N-621,1468.5,50.3,1.0,0.126,2,False,None
544,N-621,2083.3,71.4,1.0,0.1165,2,False,None
545,N-621A,60.0,2.1,1.0,0.1225,2,False,None
546,N-622,714.1,24.5,1.0,0.1355,2,False,None
547,N-622,714.1,24.5,1.0,0.126,4,True,Core
548,N-622,714.1,24.5,1.0,0.117,4,True,Comprehensive
549,N-622,714.1,24.5,1.0,0.135,2,False,None
550,N-622A,139.5,4.8,1.0,0.1335,2,False,None
551,N-623,4146.2,142.2,1.0,0.122,2,False,None
552,N-623,8391.8,287.7,1.0,0.127,4,True,Comprehensive
553,N-623,5208.1,178.6,1.0,0.116,2,False,None
554,N-623,8391.8,287.7,1.0,0.1205,2,False,None
555,N-623,11575.5,396.9,1.0,0.132,2,False,None
556,N-623,23822.2,816.8,1.0,0.117,2,False,None
557,N-625,2166.1,74.3,1.0,0.118,2,False,None
558,N-625,2387.0,81.8,1.0,0.141,2,False,None
559,N-627,3213.5,110.2,1.0,0.125,4,True,Comprehensive
560,N-627,3213.5,110.2,1.0,0.1245,2,False,None
561,N-629,2365.0,81.1,1.0,0.1295,2,False,None
562,N-632A,196.8,6.7,1.0,0.122,2,False,None
563,N-633,16872.8,578.5,1.0,0.121,2,False,None
564,N-633,16872.8,578.5,1.0,0.125,4,True,Core
565,N-634,3969.9,136.1,1.0,0.122,2,False,None
566,N-634,3969.9,136.1,1.0,0.1305,2,False,None
567,N-634,3969.9,136.1,1.0,0.1205,2,False,None
568,N-634,3969.9,136.1,1.0,0.121,2,False,None
569,N-634,3154.0,108.1,1.0,0.129,2,False,None
570,N-634,3672.8,125.9,1.0,0.116,2,False,None
571,N-634,3969.9,136.1,1.0,0.1355,2,False,None
572,N-634,8893.8,304.9,1.0,0.131,2,False,None
573,N-634,5218.2,178.9,1.0,0.129,2,False,None
574,N-634,4065.7,139.4,1.0,0.1255,2,False,None
575,N-634,959.5,32.9,1.0,0.135,2,False,None
576,N-634,3969.9,136.1,1.0,0.1245,2,False,None
577,N-634,6788.4,232.7,1.0,0.138,2,False,None
578,N-634,3874.0,132.8,1.0,0.13,2,False,None
579,N-634,12930.5,443.3,1.0,0.132,2,False,None
580,N-634,4203.1,144.1,1.0,0.124,2,False,None
581,N-634,2697.8,92.5,1.0,0.116,2,False,None
582,N-634,2194.8,75.2,1.0,0.1265,2,False,None
583,N-634,3969.9,136.1,1.0,0.129,2,False,None
584,N-634,2780.1,95.3,1.0,0.1325,2,False,None
585,N-634,5682.0,194.8,1.0,0.113,2,False,None
586,N-634,3969.9,136.1,1.0,0.1235,4,True,Comprehensive
587,N-634,1876.8,64.3,1.0,0.1215,4,True,Comprehensive
588,N-634,3969.9,136.1,1.0,0.1405,2,False,None
589,N-634,3969.9,136.1,1.0,0.1315,2,False,None
590,N-634,4640.8,159.1,1.0,0.124,2,False,None
591,N-634A,445.2,15.3,1.0,0.115,2,False,None
592,N-655,1285.2,44.1,1.0,0.114,2,False,None
593,N-6A,88.7,3.0,1.0,0.1195,2,False,None
594,N-6A,3710.5,127.2,1.0,0.125,2,False,None
595,N-362,5740.9,196.8,1.0,0.119,2,False,None
596,N-354,5740.9,196.8,1.0,0.116,2,False,None
597,N-352,10850.0,372.0,1.0,0.121,2,False,None
598,N-554R,5740.9,196.8,1.0,0.1125,2,False,None
599,A-57,5740.9,196.8,1.0,0.1415,2,False,None
600,A-92M,5740.9,196.8,1.0,0.1355,4,True,Comprehensive
601,A-92N,5740.9,196.8,1.0,0.135,4,True,Comprehensive
602,A-384,5740.9,196.8,2.5,0.1295,2,False,None
603,A-384,5740.9,196.8,2.5,0.127,4,True,Core
604,A-381,5740.9,196.8,2.5,0.1235,4,True,Core
605,A-10,5740.9,196.8,1.0,0.1225,4,True,Comprehensive
606,AP-15,5740.9,196.8,1.0,0.134,4,True,Comprehensive
607,AP-15,5740.9,196.8,1.0,0.1285,4,True,Comprehensive
608,AP-15,5740.9,196.8,1.0,0.125,2,False,None
609,AP-15,5740.9,196.8,1.0,0.136,4,True,Comprehensive
610,AP-15-R,5740.9,196.8,1.0,0.122,2,False,None
611,N-121-A,5740.9,196.8,1.0,0.148,4,True,Comprehensive
612,N-121-A,5740.9,196.8,1.0,0.133,4,True,Comprehensive
613,N-644,5740.9,196.8,1.0,0.1305,4,True,Core
614,A-66R,5740.9,196.8,1.5,0.13,2,False,None
615,A-66R,5740.9,196.8,1.5,0.13,2,False,None
616,A-66R,5740.9,196.8,1.5,0.128,2,False,None
617,AP-7S,14470.0,496.1,2.5,0.1405,4,True,Comprehensive
618,AP-7S,11020.1,377.8,2.5,0.1425,4,True,Comprehensive
619,AP-7S,16767.8,574.9,2.5,0.11,4,True,Comprehensive
620,AP-7S,14470.0,496.1,2.5,0.1175,4,True,Comprehensive
621,AP-7S,14470.0,496.1,2.5,0.12,4,True,Comprehensive
622,N-4,1433.5,49.1,1.0,0.134,2,False,None
623,N-4,1266.5,43.4,1.0,0.126,2,False,None
624,N-4,5743.5,196.9,1.0,0.1235,2,False,None
625,N-4,7537.8,258.4,1.0,0.138,2,False,None
626,N-4,3287.0,112.7,1.0,0.1335,2,False,None
627,N-4,21327.8,731.2,1.0,0.1205,2,False,None
628,N-4,10506.5,360.2,1.0,0.1135,2,False,None
629,N-4,4965.6,170.3,1.0,0.1195,2,False,None
630,N-4,5354.6,183.6,1.0,0.1295,2,False,None
631,A-7S,17319.2,593.8,2.5,0.129,4,True,Core
632,A-7S,23949.7,821.1,2.5,0.1225,5,True,Core
633,A-7S,28222.0,967.6,2.5,0.124,6,True,Core
634,A-7S,43031.0,1475.3,2.5,0.1375,10,True,Core
635,A-7S,30927.6,1060.4,2.5,0.125,7,True,Core
636,A-7S,11082.0,380.0,2.5,0.1305,4,True,Core
637,A-7S,13380.0,458.7,2.5,0.1215,4,True,Core
638,A-7S,35364.8,1212.5,2.5,0.117,7,True,Core
639,A-7S,17540.3,601.4,2.5,0.1275,4,True,Core
640,A-7S,19271.0,660.7,2.5,0.113,4,True,Core
641,A-7S,16396.5,562.2,2.5,0.132,4,True,Core
642,A-7S,46028.1,1578.1,2.5,0.1175,9,True,Core
643,A-7S,35364.8,1212.5,2.5,0.1215,7,True,Core
644,A-7S,35364.8,1212.5,2.5,0.1345,8,False,None
645,A-7S,46679.2,1600.4,2.5,0.1295,10,True,Comprehensive
646,A-7S,70217.2,2407.4,2.5,0.118,12,False,None
647,A-1,23408.9,802.6,1.0,0.1375,3,False,None
648,A-1,23408.9,802.6,1.0,0.116,4,True,Core
649,A-1,36984.0,1268.0,1.0,0.122,4,True,Core
650,A-1,23408.9,802.6,1.0,0.125,4,True,Core
651,A-1,23408.9,802.6,1.0,0.1155,4,True,Core
652,A-1,23408.9,802.6,1.0,0.1265,4,True,Comprehensive
653,A-1,23408.9,802.6,1.0,0.126,4,True,Comprehensive
654,A-1,23408.9,802.6,1.0,0.1315,4,True,Comprehensive
655,A-1,23408.9,802.6,1.0,0.1285,4,True,Comprehensive
656,A-1,23408.9,802.6,1.0,0.1365,4,True,Comprehensive
657,A-1,23408.9,802.6,1.0,0.1425,4,True,Comprehensive
658,A-11,3403.1,116.7,1.0,0.1365,2,False,None
659,A-11,4177.6,143.2,1.0,0.125,2,False,None
660,A-11,3348.7,114.8,1.0,0.1425,2,False,None
661,A-11,2833.0,97.1,1.0,0.1255,2,False,None
662,A-11,15251.1,522.9,1.0,0.125,2,False,None
663,A-11,4177.6,143.2,1.0,0.1255,2,False,None
664,A-11,7149.7,245.1,1.0,0.1255,4,True,Comprehensive
665,A-11,4952.1,169.8,1.0,0.1145,4,True,Comprehensive
666,A-11R,5740.9,196.8,1.0,0.1485,2,False,None
667,A-12,10868.0,372.6,1.0,0.127,2,False,None
668,A-12,10868.0,372.6,1.0,0.128,2,False,None
669,A-12,10868.0,372.6,1.0,0.1275,2,False,None
670,A-13,20765.3,712.0,1.0,0.1205,2,False,None
671,A-14,5386.5,184.7,1.0,0.132,2,False,None
672,A-14-R2,5740.9,196.8,1.0,0.115,2,False,None
673,A-15,4990.2,171.1,1.0,0.117,4,True,Comprehensive
674,A-15,4989.2,171.1,1.0,0.1305,4,True,Comprehensive
675,A-15,4989.8,171.1,1.0,0.139,4,True,Comprehensive
676,A-15,4989.8,171.1,1.0,0.1255,2,False,None
677,A-15,3370.5,115.6,1.0,0.128,4,True,Comprehensive
678,A-15,6364.2,218.2,1.0,0.122,4,True,Comprehensive
679,A-15,4989.8,171.1,1.0,0.1135,2,False,None
680,A-15,4989.8,171.1,1.0,0.113,4,True,Comprehensive
681,A-15,4989.8,171.1,1.0,0.135,4,True,Comprehensive
682,A-15,4989.8,171.1,1.0,0.131,2,False,None
683,A-1A,3740.8,128.3,1.0,0.1295,2,False,None
684,A-2,54210.1,1858.6,1.0,0.1185,5,False,None
685,A-2,59436.6,2037.8,1.0,0.1405,6,True,Core
686,A-2,21504.5,737.3,1.0,0.115,4,True,Core
687,A-2,17361.8,595.3,1.0,0.1235,4,True,Core
688,A-2,13886.3,476.1,1.0,0.125,4,True,Core
689,A-2,22505.7,771.6,1.0,0.116,4,True,Core
690,A-2,59934.0,2054.9,1.0,0.127,5,True,Core
691,A-2,67125.4,2301.4,1.0,0.13,6,True,Core
692,A-2,83402.0,2859.5,1.0,0.1145,7,True,Core
693,A-2,65486.2,2245.2,1.0,0.135,6,True,Core
694,A-2,40983.2,1405.1,1.0,0.1315,4,True,Core
695,A-2,11821.7,405.3,1.0,0.1115,2,False,None
696,A-2,16482.0,565.1,1.0,0.116,4,True,Core
697,A-2,29412.5,1008.4,1.0,0.127,4,True,Core
698,A-2,32014.7,1097.6,1.0,0.126,4,True,Core
699,A-2,30662.4,1051.3,1.0,0.1165,4,True,Core
700,A-2,111128.1,3810.1,1.0,0.129,10,True,Core
701,A-2,138660.0,4754.1,1.0,0.117,11,True,Core
702,A-2,20236.5,693.8,1.0,0.1225,2,False,None
703,A-2,11624.8,398.6,1.0,0.1355,2,False,None
704,A-21,3290.9,112.8,1.0,0.123,4,True,Comprehensive
705,A-21,3290.9,112.8,1.0,0.123,4,True,Comprehensive
706,A-21,3368.5,115.5,1.0,0.1355,4,True,Comprehensive
707,A-21,3290.9,112.8,1.0,0.12,2,False,None
708,A-21,3290.9,112.8,1.0,0.117,2,False,None
709,A-21,2890.2,99.1,1.0,0.127,4,True,Comprehensive
710,A-21,3290.9,112.8,1.0,0.1245,2,False,None
711,A-21,3266.2,112.0,1.0,0.1225,4,True,Comprehensive
712,A-21,3315.5,113.7,1.0,0.1285,4,True,Comprehensive
713,A-22,10113.4,346.7,1.0,0.1205,4,True,Comprehensive
714,A-22,9431.2,323.4,1.0,0.1255,4,True,Comprehensive
715,A-22,9431.2,323.4,1.0,0.129,4,True,Comprehensive
716,A-22,8749.1,300.0,1.0,0.122,4,True,Comprehensive
717,A-22,9431.2,323.4,1.0,0.1235,4,True,Comprehensive
718,A-22,9431.2,323.4,1.0,0.128,2,False,None
719,A-22-R1,3522.0,120.8,1.0,0.138,2,False,None
720,A-22-R2,1828.8,62.7,1.0,0.128,2,False,None
721,A-30,117948.0,4043.9,2.5,0.1285,12,True,Core
722,A-30,54109.7,1855.2,2.5,0.1315,12,True,Core
723,A-30,61389.3,2104.8,2.5,0.1355,12,True,Core
724,A-31,11469.6,393.2,2.5,0.112,4,True,Comprehensive
725,A-31,24921.8,854.5,2.5,0.117,5,True,Comprehensive
726,A-31,32766.9,1123.4,2.5,0.1115,6,True,Comprehensive
727,A-31,15506.1,531.6,2.5,0.1375,4,True,Comprehensive
728,A-31,33979.0,1165.0,2.5,0.116,7,True,Comprehensive
729,A-31,33333.1,1142.8,2.5,0.1255,7,True,Comprehensive
730,A-31,42328.8,1451.3,2.5,0.1375,10,True,Comprehensive
731,A-32,8706.4,298.5,2.5,0.1235,4,True,Comprehensive
732,A-32,4648.0,159.4,2.5,0.1255,4,True,Comprehensive
733,A-32,1852.2,63.5,2.5,0.1305,4,True,Comprehensive
734,A-33,9095.3,311.8,2.5,0.1245,2,False,None
735,A-35,19555.5,670.5,2.5,0.1335,5,False,None
736,A-35,19555.5,670.5,2.5,0.1165,4,True,Comprehensive
737,A-35,19555.5,670.5,2.5,0.1155,4,False,None
738,A-38,20037.0,687.0,2.5,0.132,5,False,None
739,A-38,25856.0,886.5,2.5,0.1285,6,False,None
740,A-4,127110.0,4358.1,1.0,0.139,12,False,None
741,A-4,111263.3,3814.7,1.0,0.1225,9,True,Core
742,A-4,35958.8,1232.9,1.0,0.1285,4,True,Core
743,A-4,24701.1,846.9,1.0,0.122,4,True,Core
744,A-4,20200.1,692.6,1.0,0.143,4,True,Core
745,A-4,20924.0,717.4,1.0,0.116,4,True,Core
746,A-4,22371.6,767.0,1.0,0.1295,4,True,Core
747,A-4,26517.0,909.2,1.0,0.13,4,True,Core
748,A-4,45096.9,1546.2,1.0,0.12,4,True,Core
749,A-4,38164.0,1308.5,1.0,0.1205,4,True,Core
750,A-4,26517.0,909.2,1.0,0.1235,3,False,None
751,A-4,12264.5,420.5,1.0,0.1155,2,False,None
752,A-4,26517.0,909.2,1.0,0.1165,2,False,None
753,A-4,9891.0,339.1,1.0,0.135,4,True,Comprehensive
754,A-4,34453.6,1181.3,1.0,0.133,4,True,Comprehensive
755,A-40,11695.0,401.0,1.0,0.148,2,False,None
756,A-40,3292.8,112.9,1.0,0.118,2,False,None
757,A-40,4385.1,150.3,1.0,0.134,2,False,None
758,A-40,5172.8,177.4,1.0,0.116,2,False,None
759,A-41,9313.8,319.3,1.0,0.1195,2,False,None
760,A-41,9313.8,319.3,1.0,0.1145,4,True,Comprehensive
761,A-42,71908.9,2465.4,1.0,0.1175,6,False,None
762,A-43,10272.2,352.2,1.0,0.128,4,True,Comprehensive
763,A-43,9281.6,318.2,1.0,0.1185,4,True,Comprehensive
764,A-43,10205.1,349.9,1.0,0.1285,4,True,Comprehensive
765,A-43,7208.8,247.2,1.0,0.1305,4,True,Comprehensive
766,A-44,19705.5,675.6,1.0,0.1285,4,True,Comprehensive
767,A-44,21904.2,751.0,1.0,0.1255,4,True,Comprehensive
768,A-44,21788.4,747.0,1.0,0.1205,4,True,Comprehensive
769,A-44,12262.2,420.4,1.0,0.1295,2,False,None
770,A-44,21788.4,747.0,1.0,0.121,2,False,None
771,A-44,26831.9,920.0,1.0,0.12,4,True,Comprehensive
772,A-45,16033.5,549.7,1.0,0.141,4,True,Comprehensive
773,A-45,25527.6,875.2,1.0,0.1265,4,True,Core
774,A-45,35677.0,1223.2,1.0,0.1375,4,True,Core
775,A-45,25527.6,875.2,1.0,0.1145,4,True,Core
776,A-45,25527.6,875.2,1.0,0.1195,2,False,None
777,A-48,31709.3,1087.2,1.0,0.1275,3,False,None
778,A-49,52178.6,1789.0,1.0,0.1215,5,True,Core
779,A-49,14215.0,487.4,1.0,0.126,4,True,Comprehensive
780,A-4A,1672.5,57.3,1.0,0.1095,2,False,None
781,A-4R1,5740.9,196.8,1.0,0.119,2,False,None
782,A-4R2,5740.9,196.8,1.0,0.135,2,False,None
783,A-5,19860.8,680.9,1.0,0.124,2,False,None
784,A-5,59617.8,2044.0,1.0,0.1285,5,True,Core
785,A-5,70306.5,2410.5,1.0,0.113,6,True,Core
786,A-5,35369.1,1212.7,1.0,0.109,4,True,Core
787,A-5,22782.4,781.1,1.0,0.1315,4,True,Core
788,A-5,12560.8,430.7,1.0,0.136,4,True,Core
789,A-5,9724.4,333.4,1.0,0.1285,4,True,Core
790,A-5,16128.3,553.0,1.0,0.1115,4,True,Core
791,A-5,22955.5,787.0,1.0,0.123,4,True,Core
792,A-5,17659.6,605.5,1.0,0.1215,4,True,Core
793,A-5,19860.8,680.9,1.0,0.1305,4,True,Core
794,A-5,11387.5,390.4,1.0,0.1095,4,True,Core
795,A-5,19860.8,680.9,1.0,0.1235,4,True,Core
796,A-50,8516.5,292.0,1.0,0.1305,4,True,Comprehensive
797,A-50,13715.2,470.2,1.0,0.114,4,True,Comprehensive
798,A-50,11115.9,381.1,1.0,0.137,4,True,Comprehensive
799,A-52,17006.3,583.1,1.0,0.135,2,False,None
800,A-52,9075.1,311.1,1.0,0.125,4,True,Comprehensive
801,A-52,14088.3,483.0,1.0,0.1255,4,True,Comprehensive
802,A-52,28114.5,963.9,1.0,0.1235,4,True,Comprehensive
803,A-52,19924.4,683.1,1.0,0.1275,4,True,Comprehensive
804,A-52,17006.3,583.1,1.0,0.125,2,False,None
805,A-54,4747.8,162.8,1.0,0.1285,4,True,Comprehensive
806,A-54,7593.7,260.4,1.0,0.1215,4,True,Comprehensive
807,A-54,7593.7,260.4,1.0,0.1115,4,True,Comprehensive
808,A-54,17807.2,610.5,1.0,0.1295,4,True,Comprehensive
809,A-54,7593.7,260.4,1.0,0.126,4,True,Comprehensive
810,A-55,36506.3,1251.6,1.0,0.119,4,True,Comprehensive
811,A-55,34828.5,1194.1,1.0,0.122,4,True,Comprehensive
812,A-55,60823.5,2085.4,1.0,0.114,5,True,Core
813,A-55,38184.1,1309.2,1.0,0.1445,4,True,Core
814,A-8,19788.2,678.5,1.5,0.129,4,True,Core
815,A-8,46297.8,1587.4,1.5,0.1295,6,True,Core
816,A-8,59777.2,2049.5,1.5,0.1255,8,True,Core
817,A-8,21868.1,749.8,1.5,0.13,4,True,Core
818,A-8,19636.6,673.3,1.5,0.1215,4,True,Core
819,A-8,19712.4,675.9,1.5,0.1305,4,True,Core
820,A-8,12580.1,431.3,1.5,0.1245,4,True,Core
821,A-8,11138.9,381.9,1.5,0.126,4,True,Core
822,A-8,9597.0,329.0,1.5,0.1385,4,True,Core
823,A-8,8628.1,295.8,1.5,0.13,4,True,Core
824,A-8,7663.2,262.7,1.5,0.1305,4,True,Core
825,A-8,9052.3,310.4,1.5,0.1315,4,True,Core
826,A-91,10944.5,375.2,1.0,0.127,4,True,Comprehensive
827,A-92,12746.4,437.0,1.0,0.1425,4,True,Core
828,A-92,12746.4,437.0,1.0,0.1195,4,True,Core
829,A-92,12746.4,437.0,1.0,0.1335,4,True,Comprehensive
830,A-92,12746.4,437.0,1.0,0.1215,4,True,Comprehensive
831,A-92,12746.4,437.0,1.0,0.1345,4,True,Comprehensive
832,A-92,12746.4,437.0,1.0,0.1325,4,True,Comprehensive
833,A-92,12746.4,437.0,1.0,0.1315,2,False,None
834,AP-1,24477.5,839.2,1.0,0.121,4,True,Core
835,AP-1,24477.5,839.2,1.0,0.123,4,True,Core
836,AP-1,24477.5,839.2,1.0,0.142,4,True,Core
837,AP-1,24477.5,839.2,1.0,0.1225,4,True,Core
838,AP-1,24477.5,839.2,1.0,0.1315,3,False,None
839,AP-2,13809.7,473.5,1.0,0.1225,2,False,None
840,AP-2,14881.7,510.2,1.0,0.1275,4,True,Core
841,AP-2,12737.7,436.7,1.0,0.125,4,True,Comprehensive
842,AP-36,3195.9,109.6,1.0,0.126,2,False,None
843,AP-36,8591.5,294.6,1.0,0.1235,2,False,None
844,AP-4,27301.3,936.0,2.5,0.1245,6,True,Core
845,AP-4,28737.0,985.3,2.5,0.119,6,True,Core
846,AP-4,19805.6,679.0,2.5,0.1345,5,True,Comprehensive
847,AP-4,27301.3,936.0,2.5,0.147,7,False,None
848,AP-41,1462.4,50.1,2.5,0.136,2,False,None
849,AP-46,13731.8,470.8,2.5,0.137,3,False,None
850,AP-4A,27367.0,938.3,2.5,0.122,6,False,None
851,AP-51,9374.6,321.4,1.0,0.113,4,True,Comprehensive
852,AP-53,8215.6,281.7,1.0,0.1185,2,False,None
853,AP-6,23234.2,796.6,1.0,0.117,2,False,None
854,AP-6,31946.8,1095.3,1.0,0.1155,4,True,Comprehensive
855,AP-6,23234.2,796.6,1.0,0.112,4,True,Comprehensive
856,AP-6,13732.9,470.8,1.0,0.111,4,True,Comprehensive
857,AP-61,8733.2,299.4,1.0,0.134,2,False,None
858,AP-66,7802.2,267.5,1.5,0.1145,4,True,Comprehensive
859,AP-68,25966.9,890.3,1.0,0.1335,4,True,Core
860,AP-68,23201.0,795.5,1.0,0.1365,4,True,Core
861,AP-68,10032.0,344.0,1.0,0.1285,4,True,Core
862,AP-68,7091.7,243.1,1.0,0.126,4,True,Core
863,AP-68,10308.5,353.4,1.0,0.12,4,True,Core
864,AP-68,11083.9,380.0,1.0,0.118,4,True,Core
865,AP-68,11469.7,393.2,1.0,0.118,4,True,Core
866,AP-68,14168.5,485.8,1.0,0.127,4,True,Core
867,AP-68,11276.8,386.6,1.0,0.1255,4,True,Core
868,AP-68,11276.8,386.6,1.0,0.138,4,True,Core
869,AP-71,5500.3,188.6,2.5,0.14,2,False,None
870,AP-71,5500.3,188.6,2.5,0.1235,2,False,None
871,AP-7N,28489.0,976.8,2.5,0.122,6,False,None
872,AP-7N,40717.3,1396.0,2.5,0.1255,9,True,Core
873,AP-7N,66095.6,2266.1,2.5,0.125,12,True,Core
874,AP-7N,116980.7,4010.8,2.5,0.108,12,True,Core
875,AP-7N,100440.3,3443.7,2.5,0.124,12,True,Core
876,AP-7N,77311.0,2650.7,2.5,0.1175,12,True,Core
877,AP-7N,61778.8,2118.1,2.5,0.125,12,True,Core
878,AP-7N,44623.1,1529.9,2.5,0.125,9,True,Core
879,AP-7N,28260.2,968.9,2.5,0.1235,6,True,Core
880,AP-7N,26593.2,911.8,2.5,0.1235,6,True,Core
881,AP-7N,24994.2,856.9,2.5,0.13,6,True,Core
882,AP-7N,34621.5,1187.0,2.5,0.1455,8,True,Core
883,AP-7N,60562.0,2076.4,2.5,0.122,12,True,Core
884,AP-7N,28003.4,960.1,2.5,0.123,6,True,Core
885,AP-7N,31663.0,1085.6,2.5,0.1165,6,True,Comprehensive
886,AP-7N,14520.5,497.8,2.5,0.131,4,True,Comprehensive
887,AP-7N,16078.1,551.2,2.5,0.132,4,False,None
888,N-1,2769.8,95.0,1.0,0.126,2,False,None
889,N-1,5262.2,180.4,1.0,0.1205,2,False,None
890,N-1,2712.8,93.0,1.0,0.1365,2,False,None
891,N-1,436.2,15.0,1.0,0.119,2,False,None
892,N-1,100.5,3.4,1.0,0.1165,2,False,None
893,N-1,243.8,8.4,1.0,0.126,2,False,None
894,N-1,1031.2,35.4,1.0,0.126,2,False,None
895,N-120,8231.9,282.2,1.0,0.1215,2,False,None
896,N-120,4583.0,157.1,1.0,0.127,2,False,None
897,N-120,996.5,34.2,1.0,0.113,2,False,None
898,N-120,1690.2,57.9,1.0,0.121,2,False,None
899,N-120,10821.1,371.0,1.0,0.128,2,False,None
900,N-120A,1962.2,67.3,1.0,0.1235,2,False,None
901,N-120A,1962.2,67.3,1.0,0.1185,2,False,None
902,N-120A,2698.6,92.5,1.0,0.1175,2,False,None
903,N-120A,1962.2,67.3,1.0,0.132,2,False,None
904,N-120A,1225.8,42.0,1.0,0.129,2,False,None
905,N-120A,1962.2,67.3,1.0,0.12,2,False,None
906,N-121,5059.2,173.5,1.0,0.1305,2,False,None
907,N-121,5059.2,173.5,1.0,0.126,2,False,None
908,N-121,5059.2,173.5,1.0,0.124,2,False,None
909,N-122,5769.0,197.8,1.0,0.1315,2,False,None
910,N-122,1051.0,36.0,1.0,0.1295,2,False,None
911,N-122,3401.2,116.6,1.0,0.117,2,False,None
912,N-122,3401.2,116.6,1.0,0.129,2,False,None
913,N-122,4939.2,169.3,1.0,0.1245,4,True,Comprehensive
914,N-122,3140.8,107.7,1.0,0.109,2,False,None
915,N-122,1210.5,41.5,1.0,0.133,2,False,None
916,N-122,3476.2,119.2,1.0,0.128,2,False,None
917,N-122,3401.2,116.6,1.0,0.1165,2,False,None
918,N-122,5738.4,196.7,1.0,0.122,2,False,None
919,N-122,416.6,14.3,1.0,0.131,2,False,None
920,N-122,3401.2,116.6,1.0,0.134,2,False,None
921,N-122,2628.8,90.1,1.0,0.1125,2,False,None
922,N-122,7134.8,244.6,1.0,0.118,2,False,None
923,N-122,3401.2,116.6,1.0,0.116,2,False,None
924,N-122,3401.2,116.6,1.0,0.1385,2,False,None
925,N-122,3401.2,116.6,1.0,0.1205,4,True,Comprehensive
926,N-122,3401.2,116.6,1.0,0.116,2,False,None
927,N-122A,1050.4,36.0,1.0,0.129,2,False,None
928,N-122A,1118.5,38.3,1.0,0.123,2,False,None
929,N-122A,982.2,33.7,1.0,0.1325,2,False,None
930,N-123,4698.2,161.1,1.0,0.1165,2,False,None
931,N-123A,1945.0,66.7,1.0,0.132,2,False,None
932,N-123B,5740.9,196.8,1.0,0.134,2,False,None
933,N-124,7177.1,246.1,1.0,0.138,2,False,None
934,N-124,7177.1,246.1,1.0,0.13,2,False,None
935,N-1A,186.2,6.4,1.0,0.1405,2,False,None
936,N-1A,152.8,5.2,1.0,0.119,2,False,None
937,N-1A,3481.6,119.4,1.0,0.132,2,False,None
938,N-1R,9281.5,318.2,1.0,0.134,2,False,None
939,N-2,710.5,24.4,1.0,0.1335,2,False,None
940,N-2,121.2,4.2,1.0,0.1195,2,False,None
941,N-2,6647.8,227.9,1.0,0.123,2,False,None
942,N-2,504.7,17.3,1.0,0.116,2,False,None
943,N-2,6647.8,227.9,1.0,0.1315,2,False,None
944,N-2,770.0,26.4,1.0,0.1325,2,False,None
945,N-2,1254.8,43.0,1.0,0.1275,2,False,None
946,N-2,65.2,2.2,1.0,0.129,2,False,None
947,N-2,11753.0,403.0,1.0,0.1285,2,False,None
948,N-2,5752.2,197.2,1.0,0.1315,2,False,None
949,N-2,5375.0,184.3,1.0,0.1195,2,False,None
950,N-2,46447.8,1592.5,1.0,0.132,4,True,Core
951,N-2,6647.8,227.9,1.0,0.123,4,True,Core
952,N-2,20612.5,706.7,1.0,0.1235,2,False,None
953,N-2,10387.0,356.1,1.0,0.137,2,False,None
954,N-2,14807.1,507.7,1.0,0.1215,2,False,None
955,N-2,6647.8,227.9,1.0,0.134,2,False,None
956,N-2,12387.6,424.7,1.0,0.1305,2,False,None
957,N-2,18177.2,623.2,1.0,0.124,2,False,None
958,N-2,6647.8,227.9,1.0,0.1315,2,False,None
959,N-2,6647.8,227.9,1.0,0.1355,2,False,None
960,N-2,7543.5,258.6,1.0,0.131,2,False,None
961,N-204,1177.1,40.4,1.0,0.129,2,False,None
962,N-211,1860.0,63.8,1.0,0.132,2,False,None
963,N-211,2092.2,71.7,1.0,0.13,2,False,None
964,N-211,3512.8,120.4,1.0,0.1295,2,False,None
965,N-211A,131.2,4.5,1.0,0.1175,2,False,None
966,N-211A,131.2,4.5,1.0,0.1255,2,False,None
967,N-232A,183.5,6.3,1.0,0.131,2,False,None
968,N-232A,183.5,6.3,1.0,0.1275,2,False,None
969,N-232B,628.0,21.5,1.0,0.1225,2,False,None
970,N-234,5552.0,190.4,1.0,0.1365,2,False,None
971,N-234,1919.6,65.8,1.0,0.1265,2,False,None
972,N-234,165.2,5.7,1.0,0.131,2,False,None
973,N-234,1919.6,65.8,1.0,0.129,2,False,None
974,N-234,1919.6,65.8,1.0,0.1195,2,False,None
975,N-234,856.5,29.4,1.0,0.1225,2,False,None
976,N-234,1251.1,42.9,1.0,0.1285,2,False,None
977,N-234,397.8,13.6,1.0,0.1325,2,False,None
978,N-234,2976.2,102.0,1.0,0.1255,2,False,None
979,N-234,1919.6,65.8,1.0,0.112,2,False,None
980,N-234,2053.2,70.4,1.0,0.1335,2,False,None
981,N-234,3583.1,122.8,1.0,0.12,2,False,None
982,N-234A,110.0,3.8,1.0,0.1215,2,False,None
983,N-234A,238.6,8.2,1.0,0.1285,2,False,None
984,N-234A,367.2,12.6,1.0,0.1195,2,False,None
985,N-235,13603.5,466.4,1.0,0.1245,2,False,None
986,N-238,4705.5,161.3,1.0,0.1175,2,False,None
987,N-240,21087.4,723.0,1.0,0.129,2,False,None
988,N-240,8683.9,297.7,1.0,0.1275,2,False,None
989,N-240,4655.8,159.6,1.0,0.109,2,False,None
990,N-240,5838.2,200.2,1.0,0.132,2,False,None
991,N-240,7020.8,240.7,1.0,0.133,2,False,None
992,N-240,8173.3,280.2,1.0,0.129,2,False,None
993,N-240,1236.1,42.4,1.0,0.132,2,False,None
994,N-320A,240.1,8.2,1.0,0.128,2,False,None
995,N-320A,443.2,15.2,1.0,0.13,2,False,None
996,N-322,2436.9,83.5,1.0,0.1185,2,False,None
997,N-322,2436.9,83.5,1.0,0.1315,4,True,Comprehensive
998,N-322,943.8,32.4,1.0,0.1335,4,True,Comprehensive
999,N-322,3992.0,136.9,1.0,0.1265,2,False,None
1000,N-322,5853.7,200.7,1.0,0.1245,2,False,None
1001,N-322,2351.8,80.6,1.0,0.121,2,False,None
1002,N-322,2436.9,83.5,1.0,0.1225,2,False,None
1003,N-322,6398.8,219.4,1.0,0.12,4,True,Comprehensive
1004,N-322,13056.5,447.7,1.0,0.118,4,True,Comprehensive
1005,N-322,2115.3,72.5,1.0,0.121,2,False,None
1006,N-322,1536.5,52.7,1.0,0.132,2,False,None
1007,N-322A,106.0,3.6,1.0,0.1255,2,False,None
1008,N-322A,2620.8,89.9,1.0,0.1205,2,False,None
1009,N-322A,1029.8,35.3,1.0,0.1245,2,False,None
1010,N-322A,1353.5,46.4,1.0,0.136,2,False,None
1011,N-322A,157.5,5.4,1.0,0.1285,2,False,None
1012,N-323,4498.9,154.2,1.0,0.113,2,False,None
1013,N-323,4498.9,154.2,1.0,0.1265,2,False,None
1014,N-323,4498.9,154.2,1.0,0.1155,2,False,None
1015,N-323,4498.9,154.2,1.0,0.1265,2,False,None
1016,N-323,1710.9,58.7,1.0,0.1185,2,False,None
1017,N-330,4163.5,142.7,1.0,0.122,2,False,None
1018,N-330,6484.5,222.3,1.0,0.1225,4,True,Comprehensive
1019,N-330,718.5,24.6,1.0,0.14,4,True,Comprehensive
1020,N-330,2176.5,74.6,1.0,0.124,4,True,Comprehensive
1021,N-330,3089.4,105.9,1.0,0.1365,4,True,Comprehensive
1022,N-330A,498.9,17.1,1.0,0.125,2,False,None
1023,N-330A,360.0,12.3,1.0,0.123,2,False,None
1024,N-330A,665.0,22.8,1.0,0.12,2,False,None
1025,N-330A,269.5,9.2,1.0,0.124,2,False,None
1026,N-330A,238.2,8.2,1.0,0.122,2,False,None
1027,N-330A,498.9,17.1,1.0,0.1225,2,False,None
1028,N-330A,498.9,17.1,1.0,0.12,2,False,None
1029,N-330A,498.9,17.1,1.0,0.133,2,False,None
1030,N-330A,19.0,0.7,1.0,0.1295,2,False,None
1031,N-330A,1043.0,35.8,1.0,0.1315,2,False,None
1032,N-330A,4721.2,161.9,1.0,0.1385,2,False,None
1033,N-330A,498.9,17.1,1.0,0.124,2,False,None
1034,N-330A,637.8,21.9,1.0,0.1275,2,False,None
1035,N-330B,443.8,15.2,1.0,0.1345,2,False,None
1036,N-331,1157.0,39.7,1.0,0.143,2,False,None
1037,N-331,5307.2,182.0,1.0,0.124,2,False,None
1038,N-331,2192.5,75.2,1.0,0.113,2,False,None
1039,N-331,669.9,23.0,1.0,0.1305,2,False,None
1040,N-331,502.2,17.2,1.0,0.132,2,False,None
1041,N-331,281.4,9.6,1.0,0.143,2,False,None
1042,N-331,11178.5,383.3,1.0,0.123,2,False,None
1043,N-331,1593.0,54.6,1.0,0.1345,2,False,None
1044,N-331R,2762.0,94.7,1.0,0.134,2,False,None
1045,N-331R,2762.0,94.7,1.0,0.1255,2,False,None
1046,N-332,9280.8,318.2,1.0,0.1345,2,False,None
1047,N-332,29085.9,997.2,1.0,0.123,3,False,None
1048,N-332,16059.2,550.6,1.0,0.137,2,False,None
1049,N-332,25532.1,875.4,1.0,0.1235,3,False,None
1050,N-332,16059.2,550.6,1.0,0.131,2,False,None
1051,N-332,24371.2,835.6,1.0,0.1345,3,False,None
1052,N-337,12122.8,415.6,1.0,0.1225,2,False,None
1053,N-337,467.5,16.0,1.0,0.127,2,False,None
1054,N-337A,12178.0,417.5,1.0,0.1345,2,False,None
1055,N-338,27853.8,955.0,1.0,0.136,3,False,None
1056,N-338,29365.8,1006.8,1.0,0.1295,4,True,Core
1057,N-339,7615.0,261.1,1.0,0.108,2,False,None
1058,N-340,3866.8,132.6,1.0,0.125,2,False,None
1059,N-340,647.2,22.2,1.0,0.126,2,False,None
1060,N-340,9453.4,324.1,1.0,0.1255,2,False,None
1061,N-340,1149.8,39.4,1.0,0.127,2,False,None
1062,N-340,8016.0,274.8,1.0,0.1275,2,False,None
1063,N-340,860.2,29.5,1.0,0.123,2,False,None
1064,N-340,486.2,16.7,1.0,0.125,2,False,None
1065,N-340,4952.5,169.8,1.0,0.129,2,False,None
1066,N-340,8246.2,282.7,1.0,0.123,2,False,None
1067,N-340,8181.9,280.5,1.0,0.1255,2,False,None
1068,N-340,8246.2,282.7,1.0,0.134,2,False,None
1069,N-340,8246.2,282.7,1.0,0.1215,2,False,None
1070,N-340,20632.2,707.4,1.0,0.12,2,False,None
1071,N-340,14390.2,493.4,1.0,0.114,2,False,None
1072,N-340,8246.2,282.7,1.0,0.1365,2,False,None
1073,N-340,11348.0,389.1,1.0,0.14,2,False,None
1074,N-340A,6819.0,233.8,1.0,0.1155,2,False,None
1075,N-340A,10291.2,352.8,1.0,0.131,2,False,None
1076,N-340A,6819.0,233.8,1.0,0.1195,2,False,None
1077,N-340A,29140.2,999.1,1.0,0.1285,4,True,Comprehensive
1078,N-340A,6819.0,233.8,1.0,0.134,2,False,None
1079,N-340A,14494.0,496.9,1.0,0.1345,2,False,None
1080,N-340A,2330.2,79.9,1.0,0.12,2,False,None
1081,N-340A,2676.2,91.8,1.0,0.126,2,False,None
1082,N-340A,1737.6,59.6,1.0,0.1305,2,False,None
1083,N-340A,6819.0,233.8,1.0,0.129,2,False,None
1084,N-340A,6819.0,233.8,1.0,0.1225,2,False,None
1085,N-340A,3685.0,126.3,1.0,0.1335,2,False,None
1086,N-340A,6819.0,233.8,1.0,0.12,2,False,None
1087,N-340A,37461.5,1284.4,1.0,0.1165,3,False,None
1088,N-340A,6819.0,233.8,1.0,0.1245,2,False,None
1089,N-340A,8523.8,292.2,1.0,0.1285,2,False,None
1090,N-340A,10572.0,362.5,1.0,0.1095,2,False,None
1091,N-340A,9525.2,326.6,1.0,0.1465,2,False,None
1092,N-340A,3867.3,132.6,1.0,0.1295,2,False,None
1093,N-340A,6819.0,233.8,1.0,0.147,2,False,None
1094,N-340A,6819.0,233.8,1.0,0.1275,2,False,None
1095,N-340A,131.0,4.5,1.0,0.133,2,False,None
1096,N-340R,13016.0,446.3,1.0,0.1155,2,False,None
1097,N-341,4296.9,147.3,1.0,0.1225,4,True,Comprehensive
1098,N-342,550.0,18.9,1.0,0.119,2,False,None
1099,N-343,5740.9,196.8,1.0,0.1265,2,False,None
1100,N-344,4256.7,145.9,1.0,0.1255,2,False,None
1101,N-344,1873.4,64.2,1.0,0.12,2,False,None
1102,N-344,4256.7,145.9,1.0,0.1305,2,False,None
1103,N-344,10376.2,355.8,1.0,0.1265,2,False,None
1104,N-345,2381.8,81.7,1.0,0.127,2,False,None
1105,N-346,2764.2,94.8,1.0,0.1225,4,True,Comprehensive
1106,N-403A,1750.2,60.0,1.0,0.1285,2,False,None
1107,N-420,2544.2,87.2,1.0,0.1255,2,False,None
1108,N-420,3328.3,114.1,1.0,0.131,2,False,None
1109,N-420,1663.2,57.0,1.0,0.123,2,False,None
1110,N-420,1371.0,47.0,1.0,0.1255,2,False,None
1111,N-420,2203.7,75.6,1.0,0.1145,2,False,None
1112,N-420,5293.2,181.5,1.0,0.1215,2,False,None
1113,N-420,2373.9,81.4,1.0,0.1255,2,False,None
1114,N-420,2373.9,81.4,1.0,0.127,2,False,None
1115,N-420A,2406.8,82.5,1.0,0.1245,2,False,None
1116,N-420A,267.0,9.2,1.0,0.1255,2,False,None
1117,N-420A,7279.0,249.6,1.0,0.1205,2,False,None
1118,N-420A,18.2,0.6,1.0,0.1305,2,False,None
1119,N-420A,9.5,0.3,1.0,0.13,2,False,None
1120,N-420A,81.7,2.8,1.0,0.138,2,False,None
1121,N-420A,2015.5,69.1,1.0,0.117,2,False,None
1122,N-420A,73.8,2.5,1.0,0.1285,2,False,None
1123,N-420A,75.7,2.6,1.0,0.1165,2,False,None
1124,N-420A,470.3,16.1,1.0,0.125,2,False,None
1125,N-420A,267.0,9.2,1.0,0.1225,2,False,None
1126,N-420A,4400.7,150.9,1.0,0.129,2,False,None
1127,N-420A,20.2,0.7,1.0,0.13,2,False,None
1128,N-420A,1568.8,53.8,1.0,0.1315,2,False,None
1129,N-420B,5740.9,196.8,1.0,0.124,2,False,None
1130,N-430,2785.8,95.5,1.0,0.1285,2,False,None
1131,N-430,6610.0,226.6,1.0,0.125,2,False,None
1132,N-430,3615.7,124.0,1.0,0.1325,2,False,None
1133,N-430,11654.2,399.6,1.0,0.1275,2,False,None
1134,N-430,2785.8,95.5,1.0,0.12,2,False,None
1135,N-430,2785.8,95.5,1.0,0.118,2,False,None
1136,N-430,626.5,21.5,1.0,0.119,2,False,None
1137,N-430,1955.9,67.1,1.0,0.1355,2,False,None
1138,N-430,1362.7,46.7,1.0,0.1375,2,False,None
1139,N-430A,602.8,20.7,1.0,0.1135,2,False,None
1140,N-430A,22.8,0.8,1.0,0.1275,2,False,None
1141,N-430A,753.0,25.8,1.0,0.1315,2,False,None
1142,N-430A,602.8,20.7,1.0,0.1275,2,False,None
1143,N-430A,2536.5,87.0,1.0,0.1195,2,False,None
1144,N-430A,2158.8,74.0,1.0,0.124,2,False,None
1145,N-430C,17027.4,583.8,1.0,0.132,2,False,None
1146,N-430C,17027.4,583.8,1.0,0.123,2,False,None
1147,N-431,3742.8,128.3,1.0,0.127,2,False,None
1148,N-431,6465.1,221.7,1.0,0.127,2,False,None
1149,N-431,11198.2,383.9,1.0,0.133,2,False,None
1150,N-431,7168.4,245.8,1.0,0.1345,2,False,None
1151,N-432,16808.0,576.3,1.0,0.1175,2,False,None
1152,N-432,5149.6,176.6,1.0,0.133,2,False,None
1153,N-432,12541.2,430.0,1.0,0.136,2,False,None
1154,N-432,5504.2,188.7,1.0,0.1365,2,False,None
1155,N-432,5570.1,191.0,1.0,0.1365,2,False,None
1156,N-432,23904.5,819.6,1.0,0.1195,2,False,None
1157,N-432A,5657.2,194.0,1.0,0.1255,2,False,None
1158,N-432A,1503.8,51.6,1.0,0.13,2,False,None
1159,N-432A,1525.5,52.3,1.0,0.136,2,False,None
1160,N-432A,3090.0,105.9,1.0,0.131,2,False,None
1161,N-432A,1475.2,50.6,1.0,0.1375,2,False,None
1162,N-435A,446.6,15.3,1.0,0.12,2,False,None
1163,N-435A,833.2,28.6,1.0,0.116,2,False,None
1164,N-435A,60.0,2.1,1.0,0.115,2,False,None
1165,N-435A,26.2,0.9,1.0,0.1435,2,False,None
1166,N-435A,4620.0,158.4,1.0,0.1335,2,False,None
1167,N-437,12376.2,424.3,1.0,0.145,2,False,None
1168,N-442,19326.2,662.6,1.0,0.122,2,False,None
1169,N-442,7608.2,260.9,1.0,0.113,2,False,None
1170,N-444,4469.2,153.2,1.0,0.1285,2,False,None
1171,N-445,6184.8,212.0,1.0,0.1275,2,False,None
1172,N-446,4320.8,148.1,1.0,0.1225,2,False,None
1173,N-4A,1142.2,39.2,1.0,0.1255,2,False,None
1174,N-4A,65.8,2.3,1.0,0.123,2,False,None
1175,N-4A,2898.8,99.4,1.0,0.134,2,False,None
1176,N-5,1752.2,60.1,1.0,0.1205,2,False,None
1177,N-5,517.4,17.7,1.0,0.124,2,False,None
1178,N-5,1752.2,60.1,1.0,0.116,2,False,None
1179,N-5,1752.2,60.1,1.0,0.1295,2,False,None
1180,N-5,1752.2,60.1,1.0,0.1285,2,False,None
1181,N-5,3954.8,135.6,1.0,0.1375,2,False,None
1182,N-525,24915.5,854.2,1.0,0.119,2,False,None
1183,N-525,4850.5,166.3,1.0,0.118,2,False,None
1184,N-6,3624.6,124.3,1.0,0.1355,2,False,None
1185,N-6,17908.4,614.0,1.0,0.125,2,False,None
1186,N-6,3624.6,124.3,1.0,0.11,2,False,None
1187,N-6,3624.6,124.3,1.0,0.1305,2,False,None
1188,N-601,4499.1,154.3,1.0,0.122,2,False,None
1189,N-601,34249.8,1174.3,1.0,0.137,3,False,None
1190,N-601,4499.1,154.3,1.0,0.1265,2,False,None
1191,N-601,517.8,17.8,1.0,0.137,2,False,None
1192,N-601,3396.8,116.5,1.0,0.1295,2,False,None
1193,N-601,20170.2,691.6,1.0,0.1275,2,False,None
1194,N-603,5306.6,181.9,1.0,0.146,2,False,None
1195,N-610,2497.0,85.6,1.0,0.128,2,False,None
1196,N-610,1880.1,64.5,1.0,0.1355,2,False,None
1197,N-610A,1753.0,60.1,1.0,0.1215,2,False,None
1198,N-611,895.2,30.7,1.0,0.12,2,False,None
1199,N-611,652.0,22.4,1.0,0.133,2,False,None
1200,N-611,1030.0,35.3,1.0,0.122,2,False,None
1201,N-611,3260.5,111.8,1.0,0.142,2,False,None
1202,N-611,8474.4,290.6,1.0,0.122,2,False,None
1203,N-611A,530.5,18.2,1.0,0.1255,2,False,None
1204,N-611A,155.3,5.3,1.0,0.1405,2,False,None
1205,N-611A,25.7,0.9,1.0,0.127,2,False,None
1206,N-620,631.5,21.7,1.0,0.133,2,False,None
1207,N-620,4575.4,156.9,1.0,0.1225,2,False,None
1208,N-620,1406.6,48.2,1.0,0.1355,2,False,None
1209,N-620,580.2,19.9,1.0,0.1235,2,False,None
1210,N-620,363.5,12.5,1.0,0.125,2,False,None
1211,N-620,3489.5,119.6,1.0,0.133,2,False,None
1212,N-620A,1618.2,55.5,1.0,0.1245,2,False,None
1213,N-620A,2103.8,72.1,1.0,0.115,2,False,None
1214,N-620A,281.2,9.6,1.0,0.1165,2,False,None
1215,N-620A,1089.8,37.4,1.0,0.145,2,False,None
1216,N-629,7152.5,245.2,1.0,0.1245,2,False,None
1217,N-629A,882.0,30.2,1.0,0.119,2,False,None
1218,N-630,11331.0,388.5,1.0,0.1155,2,False,None
1219,N-630,4113.2,141.0,1.0,0.125,2,False,None
1220,N-630,4171.0,143.0,1.0,0.1245,2,False,None
1221,N-630,2753.5,94.4,1.0,0.123,2,False,None
1222,N-630,3311.1,113.5,1.0,0.1185,2,False,None
1223,N-630,3101.1,106.3,1.0,0.12,2,False,None
1224,N-630,631.9,21.7,1.0,0.1185,2,False,None
1225,N-630,1347.7,46.2,1.0,0.117,2,False,None
1226,N-630,7292.2,250.0,1.0,0.1265,2,False,None
1227,N-630,3101.1,106.3,1.0,0.124,2,False,None
1228,N-630,3101.1,106.3,1.0,0.1355,2,False,None
1229,N-630,21511.2,737.5,1.0,0.124,2,False,None
1230,N-630,3242.5,111.2,1.0,0.122,2,False,None
1231,N-630,828.9,28.4,1.0,0.131,2,False,None
1232,N-630,3521.0,120.7,1.0,0.124,2,False,None
1233,N-630,9565.5,328.0,1.0,0.1275,2,False,None
1234,N-630,1286.8,44.1,1.0,0.135,2,False,None
1235,N-630,16316.9,559.4,1.0,0.135,2,False,None
1236,N-630,796.3,27.3,1.0,0.1145,2,False,None
1237,N-630,2377.1,81.5,1.0,0.1235,2,False,None
1238,N-630,2959.7,101.5,1.0,0.129,2,False,None
1239,N-630,805.0,27.6,1.0,0.131,2,False,None
1240,N-630,311.1,10.7,1.0,0.1285,2,False,None
1241,N-630,541.7,18.6,1.0,0.1275,2,False,None
1242,N-630,1601.2,54.9,1.0,0.127,2,False,None
1243,N-630,3101.1,106.3,1.0,0.126,2,False,None
1244,N-630,12888.5,441.9,1.0,0.122,2,False,None
1245,N-630,44139.8,1513.4,1.0,0.113,4,False,None
1246,N-630A,14299.0,490.3,1.0,0.107,2,False,None
1247,N-630A,227.8,7.8,1.0,0.134,2,False,None
1248,N-630A,3960.2,135.8,1.0,0.132,2,False,None
1249,N-630A,135.8,4.7,1.0,0.123,2,False,None
1250,N-630A,11529.0,395.3,1.0,0.144,2,False,None
1251,N-630A,891.0,30.5,1.0,0.131,2,False,None
1252,N-630A,2425.6,83.2,1.0,0.1275,2,False,None
1253,N-631,2173.8,74.5,1.0,0.114,2,False,None
1254,N-632,3575.6,122.6,1.0,0.122,2,False,None
1255,N-632,429.3,14.7,1.0,0.1265,2,False,None
1256,N-632,7756.0,265.9,1.0,0.129,2,False,None
1257,N-632,3575.6,122.6,1.0,0.12,2,False,None
1258,N-632A,196.8,6.7,1.0,0.124,4,True,Comprehensive
1259,N-632A,196.8,6.7,1.0,0.1165,2,False,None
1260,N-632A,196.8,6.7,1.0,0.1255,2,False,None
1261,N-632A,196.8,6.7,1.0,0.145,2,False,None
1262,N-634A,716.5,24.6,1.0,0.1205,2,False,None
1263,N-634R,2182.5,74.8,1.0,0.1175,2,False,None
1264,N-635,5339.0,183.1,1.0,0.1265,2,False,None
1265,N-636,5675.8,194.6,1.0,0.131,4,True,Comprehensive
1266,N-636,5675.8,194.6,1.0,0.129,2,False,None
1267,N-636,5675.8,194.6,1.0,0.119,2,False,None
1268,N-636,5675.8,194.6,1.0,0.1325,2,False,None
1269,N-640,4477.9,153.5,1.0,0.145,2,False,None
1270,N-640,10810.2,370.6,1.0,0.1175,2,False,None
1271,N-640,9742.4,334.0,1.0,0.1195,2,False,None
1272,N-640,12295.5,421.6,1.0,0.121,2,False,None
1273,N-640,15128.0,518.7,1.0,0.1365,2,False,None
1274,N-640,3272.2,112.2,1.0,0.1195,2,False,None
1275,N-640,5412.4,185.6,1.0,0.1405,2,False,None
1276,N-640,9742.4,334.0,1.0,0.128,2,False,None
1277,N-640A,10800.8,370.3,1.0,0.1205,2,False,None
1278,N-641,5740.9,196.8,1.0,0.1255,4,True,Core
1279,N-641,5740.9,196.8,1.0,0.142,4,True,Core
1280,N-642,2229.0,76.4,1.0,0.1355,2,False,None
1281,N-642,8363.9,286.8,1.0,0.121,4,True,Comprehensive
1282,N-643,1479.5,50.7,1.0,0.127,2,False,None
1283,N-651,10287.8,352.7,1.0,0.1175,2,False,None
1284,N-651,9950.8,341.2,1.0,0.132,2,False,None
1285,N-651,9613.8,329.6,1.0,0.1265,2,False,None
1286,AP-8,5740.9,196.8,1.0,0.13,4,True,Core
1287,AP-8,5740.9,196.8,1.0,0.1235,4,True,Core
1288,AP-8,5740.9,196.8,1.0,0.12,4,True,Core
1289,AP-8,5740.9,196.8,1.0,0.132,4,True,Core
1290,AP-8,5740.9,196.8,1.0,0.1305,4,True,Core
1291,AP-8,5740.9,196.8,1.0,0.1225,4,True,Core
1292,AP-8,5740.9,196.8,1.0,0.117,4,True,Core
1293,N-624,5740.9,196.8,1.0,0.12,4,True,Comprehensive
1294,N-638,5740.9,196.8,1.0,0.12,4,True,Comprehensive
