segment_id,route_segment,corridor,is_tent,daily_bev_traffic_2027,seasonal_multiplier,n_chargers_det,n_chargers_abm,n_chargers_stoch,delta_seasonal,delta_mc_noise,simulated_charging_rate,capacity_kw_abm
0,A-7S,Mediterranean,True,3513.3,2.5,8,12,12,4,0,0.131,1800
1,A-7S,Mediterranean,True,1212.5,2.5,4,7,8,3,1,0.132,1050
2,A-7S,Mediterranean,False,2128.9,2.5,5,12,12,7,0,0.1285,1800
3,A-7S,Mediterranean,True,1364.6,2.5,4,8,8,4,0,0.122,1200
4,A-7S,Mediterranean,True,858.5,2.5,4,5,6,1,1,0.1315,750
5,A-7S,Mediterranean,True,1881.0,2.5,5,11,10,6,-1,0.1065,1650
6,A-7S,Mediterranean,True,1212.5,2.5,4,7,8,3,1,0.1325,1050
7,A-7S,Mediterranean,True,2325.0,2.5,6,12,12,6,0,0.1345,1800
8,A-7S,Mediterranean,True,1212.5,2.5,4,7,7,3,0,0.107,1050
9,A-7S,Mediterranean,True,1551.5,2.5,4,9,10,5,1,0.1255,1350
10,N-3,Standard,False,139.2,1.0,2,2,2,0,0,0.123,300
11,N-3,Standard,False,47.1,1.0,2,2,2,0,0,0.1095,300
12,N-3,Standard,False,276.2,1.0,2,2,2,0,0,0.127,300
13,N-3,Standard,False,16.4,1.0,2,2,2,0,0,0.1265,300
14,A-1,Standard,False,802.6,1.0,2,2,2,0,0,0.119,300
15,A-1,Standard,True,2825.1,1.0,7,7,7,0,0,0.1255,1050
16,A-1,Standard,True,2172.2,1.0,5,5,6,0,1,0.139,750
17,A-1,Standard,True,792.8,1.0,4,4,4,0,0,0.131,600
18,A-1,Standard,True,577.7,1.0,4,4,4,0,0,0.1245,600
19,A-1,Standard,True,812.4,1.0,4,4,4,0,0,0.1155,600
20,A-1,Standard,True,802.6,1.0,4,4,4,0,0,0.1355,600
21,A-1,Standard,True,395.0,1.0,4,4,4,0,0,0.1275,600
22,A-1,Standard,False,287.3,1.0,2,2,2,0,0,0.135,300
23,A-23,Standard,True,765.5,1.0,4,4,4,0,0,0.122,600
24,A-23,Standard,True,560.7,1.0,4,4,4,0,0,0.124,600
25,A-23,Standard,True,350.2,1.0,4,4,4,0,0,0.1165,600
26,A-23,Standard,True,304.0,1.0,4,4,4,0,0,0.127,600
27,A-23,Standard,True,439.8,1.0,4,4,4,0,0,0.1235,600
28,A-23,Standard,False,651.9,1.0,2,2,2,0,0,0.1365,300
29,A-23,Standard,True,649.2,1.0,4,4,4,0,0,0.135,600
30,A-23,Standard,True,653.7,1.0,4,4,4,0,0,0.132,600
31,A-23,Standard,True,308.4,1.0,4,4,4,0,0,0.133,600
32,A-23,Standard,False,395.0,1.0,2,2,2,0,0,0.1345,300
33,A-23,Standard,True,395.0,1.0,4,4,4,0,0,0.1255,600
34,A-23,Standard,True,395.0,1.0,4,4,4,0,0,0.129,600
35,A-23,Standard,True,395.0,1.0,4,4,4,0,0,0.1325,600
36,A-23,Standard,True,274.5,1.0,4,4,4,0,0,0.1245,600
37,A-23,Standard,True,246.3,1.0,4,4,4,0,0,0.1205,600
38,A-23,Standard,False,395.0,1.0,2,2,2,0,0,0.1225,300
39,A-23,Standard,True,264.3,1.0,4,4,4,0,0,0.1135,600
40,A-23,Standard,False,395.0,1.0,2,2,2,0,0,0.122,300
41,A-26,Standard,False,493.7,1.0,2,2,2,0,0,0.133,300
42,A-26,Standard,False,493.7,1.0,2,2,2,0,0,0.1325,300
43,A-27,Standard,True,881.4,1.0,4,4,4,0,0,0.1205,600
44,A-27,Standard,True,724.6,1.0,4,4,4,0,0,0.122,600
45,A-3,Mediterranean,False,1514.1,2.5,4,9,9,5,0,0.1225,1350
46,A-3,Mediterranean,True,2250.9,2.5,5,12,12,7,0,0.1295,1800
47,A-3,Mediterranean,True,1084.6,2.5,4,7,7,3,0,0.127,1050
48,A-3,Mediterranean,True,976.6,2.5,4,6,6,2,0,0.126,900
49,A-3,Mediterranean,True,825.6,2.5,4,5,5,1,0,0.125,750
50,A-3,Mediterranean,True,843.0,2.5,4,5,5,1,0,0.119,750
51,A-3,Mediterranean,True,2129.7,2.5,5,12,12,7,0,0.1385,1800
52,A-3,Mediterranean,True,2099.0,2.5,5,12,12,7,0,0.118,1800
53,A-3,Mediterranean,False,1299.4,2.5,3,8,8,5,0,0.1185,1200
54,A-30,Mediterranean,True,503.3,2.5,4,4,4,0,0,0.12,600
55,A-30,Mediterranean,True,1605.6,2.5,4,9,9,5,0,0.1175,1350
56,A-30,Mediterranean,False,1855.2,2.5,5,11,11,6,0,0.1265,1650
57,A-55,Standard,True,727.6,1.0,4,4,4,0,0,0.1275,600
58,A-55,Standard,False,1251.6,1.0,3,3,3,0,0,0.128,450
59,A-56,Standard,False,31.6,1.0,2,2,2,0,0,0.133,300
60,A-58,Standard,False,169.5,1.0,2,2,2,0,0,0.129,300
61,A-5R,Standard,False,4175.4,1.0,10,10,10,0,0,0.127,1500
62,A-6,Atlantic,False,589.9,1.5,2,2,3,0,1,0.137,300
63,A-6,Atlantic,True,2280.1,1.5,6,8,8,2,0,0.1245,1200
64,A-6,Atlantic,True,1968.0,1.5,5,7,8,2,1,0.1355,1050
65,A-6,Atlantic,False,589.9,1.5,2,2,3,0,1,0.132,300
66,A-6,Atlantic,True,681.3,1.5,4,4,4,0,0,0.131,600
67,A-6,Atlantic,True,589.9,1.5,4,4,4,0,0,0.1155,600
68,A-6,Atlantic,True,589.9,1.5,4,4,4,0,0,0.1255,600
69,A-6,Atlantic,True,579.7,1.5,4,4,4,0,0,0.1365,600
70,A-6,Atlantic,True,589.9,1.5,4,4,4,0,0,0.1285,600
71,A-6,Atlantic,True,710.3,1.5,4,4,4,0,0,0.118,600
72,A-6,Atlantic,True,251.6,1.5,4,4,4,0,0,0.108,600
73,A-6,Atlantic,True,458.2,1.5,4,4,4,0,0,0.13,600
74,A-6,Atlantic,True,317.9,1.5,4,4,4,0,0,0.133,600
75,A-6,Atlantic,True,621.8,1.5,4,4,4,0,0,0.1345,600
76,A-6,Atlantic,True,589.1,1.5,4,4,4,0,0,0.133,600
77,A-6,Atlantic,True,617.1,1.5,4,4,4,0,0,0.1085,600
78,A-6,Atlantic,False,428.1,1.5,2,2,2,0,0,0.122,300
79,A-60,Atlantic,False,311.5,1.5,2,2,2,0,0,0.133,300
80,A-60,Atlantic,False,367.5,1.5,2,2,2,0,0,0.123,300
81,A-62,Atlantic,True,477.5,1.5,4,4,4,0,0,0.13,600
82,A-62,Atlantic,True,986.2,1.5,4,4,4,0,0,0.1265,600
83,A-62,Atlantic,True,948.8,1.5,4,4,4,0,0,0.116,600
84,A-62,Atlantic,True,1356.6,1.5,4,5,5,1,0,0.1255,750
85,A-62,Atlantic,True,679.7,1.5,4,4,4,0,0,0.1255,600
86,A-62,Atlantic,True,449.6,1.5,4,4,4,0,0,0.129,600
87,A-62,Atlantic,True,917.0,1.5,4,4,4,0,0,0.123,600
88,A-62,Atlantic,True,274.9,1.5,4,4,4,0,0,0.13,600
89,A-62,Atlantic,False,679.7,1.5,2,3,3,1,0,0.1185,450
90,A-62,Atlantic,True,183.5,1.5,4,4,4,0,0,0.139,600
91,A-63,Atlantic,False,416.5,1.5,2,2,2,0,0,0.13,300
92,A-63R,Atlantic,False,196.8,1.5,2,2,2,0,0,0.1295,300
93,A-64,Atlantic,True,868.7,1.5,4,4,4,0,0,0.1325,600
94,A-65,Atlantic,True,273.7,1.5,4,4,4,0,0,0.141,600
95,A-66,Atlantic,True,1798.0,1.5,4,6,8,2,2,0.1425,900
96,A-66,Atlantic,True,1501.3,1.5,4,5,6,1,1,0.1295,750
97,A-66,Atlantic,True,867.4,1.5,4,4,4,0,0,0.1205,600
98,A-66,Atlantic,True,624.5,1.5,4,4,4,0,0,0.1155,600
99,A-66,Atlantic,False,464.3,1.5,2,2,2,0,0,0.11,300
100,A-66,Atlantic,True,376.0,1.5,4,4,4,0,0,0.1315,600
101,A-66,Atlantic,True,383.9,1.5,4,4,4,0,0,0.1185,600
102,A-66,Atlantic,True,464.3,1.5,4,4,4,0,0,0.1325,600
103,A-66,Atlantic,True,228.4,1.5,4,4,4,0,0,0.115,600
104,A-66,Atlantic,True,245.5,1.5,4,4,4,0,0,0.1095,600
105,A-66,Atlantic,True,271.9,1.5,4,4,4,0,0,0.1235,600
106,A-66,Atlantic,True,739.8,1.5,4,4,4,0,0,0.1245,600
107,A-66,Atlantic,True,377.5,1.5,4,4,4,0,0,0.1345,600
108,A-66,Atlantic,True,421.3,1.5,4,4,4,0,0,0.1355,600
109,A-66,Atlantic,True,393.2,1.5,4,4,4,0,0,0.1215,600
110,A-66,Atlantic,True,573.3,1.5,4,4,4,0,0,0.1215,600
111,A-66,Atlantic,True,507.4,1.5,4,4,4,0,0,0.1175,600
112,A-66,Atlantic,True,954.4,1.5,4,4,4,0,0,0.134,600
113,A-67,Atlantic,True,585.5,1.5,4,4,4,0,0,0.122,600
114,A-67,Atlantic,False,252.5,1.5,2,2,2,0,0,0.1305,300
115,A-67,Atlantic,True,625.2,1.5,4,4,4,0,0,0.1275,600
116,A-67,Atlantic,True,1805.0,1.5,5,7,7,2,0,0.123,1050
117,A-67,Atlantic,False,605.3,1.5,2,3,3,1,0,0.1235,450
118,A-68,Atlantic,False,892.8,1.5,2,3,4,1,1,0.1365,450
119,A-68,Atlantic,False,671.6,1.5,2,3,3,1,0,0.127,450
120,A-68,Atlantic,False,892.8,1.5,2,3,3,1,0,0.1125,450
121,A-68,Atlantic,False,1642.5,1.5,4,6,6,2,0,0.13,900
122,A-68,Atlantic,False,1091.1,1.5,3,4,4,1,0,0.1185,600
123,A-68,Atlantic,False,884.2,1.5,2,3,4,1,1,0.1225,450
124,A-7,Mediterranean,False,1120.5,2.5,3,7,7,4,0,0.1305,1050
125,A-7,Mediterranean,False,1482.9,2.5,4,9,9,5,0,0.1265,1350
126,A-7,Mediterranean,True,2854.8,2.5,7,12,12,5,0,0.1275,1800
127,A-7,Mediterranean,True,2302.0,2.5,6,12,12,6,0,0.125,1800
128,A-7,Mediterranean,True,2562.1,2.5,6,12,12,6,0,0.121,1800
129,A-7,Mediterranean,True,2061.1,2.5,5,12,12,7,0,0.1405,1800
130,A-7,Mediterranean,False,682.8,2.5,2,4,5,2,1,0.1285,600
131,A-7,Mediterranean,False,1482.9,2.5,4,9,9,5,0,0.1205,1350
132,A-7,Mediterranean,True,84.0,2.5,4,4,4,0,0,0.136,600
133,A-7,Mediterranean,True,1814.1,2.5,5,11,12,6,1,0.133,1650
134,A-7,Mediterranean,True,1652.0,2.5,4,10,10,6,0,0.1215,1500
135,A-7,Mediterranean,True,1313.8,2.5,4,8,9,4,1,0.1345,1200
136,A-7,Mediterranean,True,492.4,2.5,4,4,4,0,0,0.1345,600
137,A-7,Mediterranean,False,1110.5,2.5,3,7,6,4,-1,0.116,1050
138,A-70,Mediterranean,True,2590.7,2.5,6,12,12,6,0,0.1275,1800
139,A-70,Mediterranean,True,2355.0,2.5,6,12,12,6,0,0.123,1800
140,A-70,Mediterranean,True,1898.7,2.5,5,11,11,6,0,0.125,1650
141,A-73,Mediterranean,True,177.5,2.5,4,4,4,0,0,0.1215,600
142,A-73,Mediterranean,False,177.5,2.5,2,2,2,0,0,0.1305,300
143,A-73R,Mediterranean,False,107.1,2.5,2,2,2,0,0,0.1275,300
144,A-75,Mediterranean,True,118.5,2.5,4,4,4,0,0,0.139,600
145,A-75,Mediterranean,True,118.5,2.5,4,4,4,0,0,0.1255,600
146,A-77,Mediterranean,False,658.6,2.5,2,4,4,2,0,0.125,600
147,A-77A,Mediterranean,False,1165.9,2.5,3,7,8,4,1,0.14,1050
148,A-79,Mediterranean,False,339.9,2.5,2,2,3,0,1,0.1305,300
149,A-8,Atlantic,True,675.9,1.5,4,4,4,0,0,0.1095,600
150,A-8,Atlantic,False,675.9,1.5,2,3,3,1,0,0.12,450
151,A-8,Atlantic,True,675.9,1.5,4,4,4,0,0,0.1265,600
152,A-8,Atlantic,True,1254.5,1.5,4,5,5,1,0,0.121,750
153,A-8,Atlantic,True,715.9,1.5,4,4,4,0,0,0.1365,600
154,A-8,Atlantic,True,1474.9,1.5,4,5,6,1,1,0.129,750
155,A-8,Atlantic,True,957.4,1.5,4,4,4,0,0,0.129,600
156,A-8,Atlantic,True,399.9,1.5,4,4,4,0,0,0.121,600
157,A-8,Atlantic,True,534.1,1.5,4,4,4,0,0,0.1425,600
158,A-8,Atlantic,True,708.6,1.5,4,4,4,0,0,0.116,600
159,AP-7R,Mediterranean,False,988.0,2.5,3,6,7,3,1,0.143,900
160,AP-9,Atlantic,True,1025.8,1.5,4,4,4,0,0,0.115,600
161,AP-9,Atlantic,True,760.4,1.5,4,4,4,0,0,0.12,600
162,AP-9,Atlantic,True,551.7,1.5,4,4,4,0,0,0.115,600
163,AP-9,Atlantic,True,914.2,1.5,4,4,4,0,0,0.125,600
164,AP-9,Atlantic,True,1456.0,1.5,4,5,5,1,0,0.1165,750
165,AP-9,Atlantic,True,753.2,1.5,4,4,4,0,0,0.137,600
166,AP-9,Atlantic,False,216.6,1.5,2,2,2,0,0,0.113,300
167,AP-9F,Atlantic,True,664.3,1.5,4,4,4,0,0,0.119,600
168,AP-9V,Atlantic,False,1758.6,1.5,4,6,7,2,1,0.1235,900
169,N-1,Standard,False,146.8,1.0,2,2,2,0,0,0.152,300
170,N-1,Standard,False,86.2,1.0,2,2,2,0,0,0.1345,300
171,N-1,Standard,False,86.2,1.0,2,2,2,0,0,0.129,300
172,N-1,Standard,False,86.2,1.0,2,2,2,0,0,0.127,300
173,N-1,Standard,False,111.7,1.0,2,2,2,0,0,0.124,300
174,N-1,Standard,False,86.2,1.0,2,2,2,0,0,0.1145,300
175,N-1,Standard,False,17.1,1.0,2,2,2,0,0,0.134,300
176,N-1,Standard,False,86.2,1.0,2,2,2,0,0,0.1165,300
177,N-110,Standard,False,45.9,1.0,2,2,2,0,0,0.1285,300
178,N-110,Standard,False,120.8,1.0,2,2,2,0,0,0.119,300
179,N-110,Standard,False,68.2,1.0,2,2,2,0,0,0.1255,300
180,N-110,Standard,False,109.3,1.0,2,2,2,0,0,0.1375,300
181,N-110,Standard,False,200.7,1.0,2,2,2,0,0,0.1245,300
182,N-110,Standard,False,132.3,1.0,2,2,2,0,0,0.1235,300
183,N-110,Standard,False,138.0,1.0,2,2,2,0,0,0.1165,300
184,N-110A,Standard,False,43.3,1.0,2,2,2,0,0,0.1245,300
185,N-110A,Standard,False,1.4,1.0,2,2,2,0,0,0.1245,300
186,N-110A,Standard,False,5.5,1.0,2,2,2,0,0,0.145,300
187,N-110A,Standard,False,5.1,1.0,2,2,2,0,0,0.1255,300
188,N-110A,Standard,False,0.3,1.0,2,2,2,0,0,0.1215,300
189,N-110A,Standard,False,5.1,1.0,2,2,2,0,0,0.121,300
190,N-111,Standard,False,151.3,1.0,2,2,2,0,0,0.1265,300
191,N-111,Standard,False,11.1,1.0,2,2,2,0,0,0.13,300
192,N-111,Standard,False,8.3,1.0,2,2,2,0,0,0.13,300
193,N-111,Standard,False,230.9,1.0,2,2,2,0,0,0.131,300
194,N-111,Standard,False,151.3,1.0,2,2,2,0,0,0.123,300
195,N-111,Standard,False,757.5,1.0,2,2,2,0,0,0.125,300
196,N-111A,Standard,False,0.9,1.0,2,2,2,0,0,0.1185,300
197,N-111R,Standard,False,6.8,1.0,2,2,2,0,0,0.121,300
198,N-113,Standard,True,179.2,1.0,4,4,4,0,0,0.1295,600
199,N-113,Standard,False,147.5,1.0,2,2,2,0,0,0.127,300
200,N-113,Standard,True,147.5,1.0,4,4,4,0,0,0.122,600
201,N-113,Standard,True,115.7,1.0,4,4,4,0,0,0.121,600
202,N-113,Standard,True,147.5,1.0,4,4,4,0,0,0.134,600
203,N-120,Standard,False,86.8,1.0,2,2,2,0,0,0.1165,300
204,N-120,Standard,False,60.6,1.0,2,2,2,0,0,0.1305,300
205,N-120,Standard,False,161.3,1.0,2,2,2,0,0,0.116,300
206,N-120,Standard,False,163.0,1.0,2,2,2,0,0,0.1185,300
207,N-120,Standard,False,67.4,1.0,2,2,2,0,0,0.123,300
208,N-120,Standard,False,12.9,1.0,2,2,2,0,0,0.128,300
209,N-120,Standard,False,163.0,1.0,2,2,2,0,0,0.1265,300
210,N-120,Standard,True,163.0,1.0,4,4,4,0,0,0.1195,600
211,N-120,Standard,True,422.4,1.0,4,4,4,0,0,0.12,600
212,N-120,Standard,True,297.3,1.0,4,4,4,0,0,0.1325,600
213,N-120,Standard,True,163.0,1.0,4,4,4,0,0,0.138,600
214,N-120,Standard,False,337.0,1.0,2,2,2,0,0,0.1365,300
215,N-120,Standard,False,164.7,1.0,2,2,2,0,0,0.1135,300
216,N-120,Standard,False,163.0,1.0,2,2,2,0,0,0.1345,300
217,N-120,Standard,False,173.2,1.0,2,2,2,0,0,0.1335,300
218,N-120,Standard,False,163.0,1.0,2,2,2,0,0,0.1325,300
219,N-120,Standard,False,213.2,1.0,2,2,2,0,0,0.1265,300
220,N-120,Standard,False,163.0,1.0,2,2,2,0,0,0.1145,300
221,N-125,Standard,True,299.9,1.0,4,4,4,0,0,0.1275,600
222,N-125,Standard,True,299.9,1.0,4,4,4,0,0,0.1365,600
223,N-126,Standard,False,226.9,1.0,2,2,2,0,0,0.117,300
224,N-141,Standard,False,14.4,1.0,2,2,2,0,0,0.1155,300
225,N-145,Standard,False,476.2,1.0,2,2,2,0,0,0.128,300
226,N-152,Standard,True,269.5,1.0,4,4,4,0,0,0.13,600
227,N-154,Standard,False,245.6,1.0,2,2,2,0,0,0.1215,300
228,N-154,Standard,False,231.9,1.0,2,2,2,0,0,0.1315,300
229,N-155,Standard,False,66.9,1.0,2,2,2,0,0,0.1165,300
230,N-156,Standard,False,255.8,1.0,2,2,2,0,0,0.139,300
231,N-156,Standard,False,173.5,1.0,2,2,2,0,0,0.1105,300
232,N-1A,Standard,False,421.4,1.0,2,2,2,0,0,0.141,300
233,N-1A,Standard,False,515.3,1.0,2,2,2,0,0,0.1235,300
234,N-1A,Standard,False,156.6,1.0,2,2,2,0,0,0.122,300
235,N-1A,Standard,False,104.1,1.0,2,2,2,0,0,0.1255,300
236,N-1A,Standard,False,119.4,1.0,2,2,2,0,0,0.124,300
237,N-1A,Standard,False,16.2,1.0,2,2,2,0,0,0.1365,300
238,N-1A,Standard,False,119.4,1.0,2,2,2,0,0,0.129,300
239,N-1A,Standard,False,8.1,1.0,2,2,2,0,0,0.1205,300
240,N-1A,Standard,False,119.4,1.0,2,2,2,0,0,0.1245,300
241,N-1A,Standard,False,134.7,1.0,2,2,2,0,0,0.1265,300
242,N-1A,Standard,False,180.5,1.0,2,2,2,0,0,0.124,300
243,N-211A,Standard,False,4.5,1.0,2,2,2,0,0,0.127,300
244,N-211A,Standard,False,4.5,1.0,2,2,2,0,0,0.141,300
245,N-220,Standard,False,1244.1,1.0,3,3,3,0,0,0.129,450
246,N-223,Standard,False,143.6,1.0,2,2,2,0,0,0.125,300
247,N-223,Standard,False,390.9,1.0,2,2,2,0,0,0.1065,300
248,N-223,Standard,False,267.3,1.0,2,2,2,0,0,0.1225,300
249,N-225,Standard,False,184.6,1.0,2,2,2,0,0,0.1225,300
250,N-225,Standard,False,251.4,1.0,2,2,2,0,0,0.1285,300
251,N-225,Standard,False,226.8,1.0,2,2,2,0,0,0.1285,300
252,N-225,Standard,False,124.7,1.0,2,2,2,0,0,0.126,300
253,N-225A,Standard,False,2.4,1.0,2,2,2,0,0,0.1035,300
254,N-230,Standard,False,126.5,1.0,2,2,2,0,0,0.128,300
255,N-230,Standard,True,134.5,1.0,4,4,4,0,0,0.1185,600
256,N-230,Standard,True,118.5,1.0,4,4,4,0,0,0.131,600
257,N-232,Standard,False,158.4,1.0,2,2,2,0,0,0.1335,300
258,N-232,Standard,False,136.0,1.0,2,2,2,0,0,0.1315,300
259,N-232,Standard,False,163.2,1.0,2,2,2,0,0,0.1365,300
260,N-232,Standard,False,537.9,1.0,2,2,2,0,0,0.1215,300
261,N-232,Standard,False,158.4,1.0,2,2,2,0,0,0.134,300
262,N-232,Standard,False,158.4,1.0,2,2,2,0,0,0.12,300
263,N-232,Standard,False,254.6,1.0,2,2,2,0,0,0.1185,300
264,N-232,Standard,False,153.5,1.0,2,2,2,0,0,0.1195,300
265,N-232,Standard,False,45.2,1.0,2,2,2,0,0,0.1325,300
266,N-232A,Standard,False,6.3,1.0,2,2,2,0,0,0.1245,300
267,N-232A,Standard,False,6.3,1.0,2,2,2,0,0,0.117,300
268,N-232A,Standard,False,2.6,1.0,2,2,2,0,0,0.132,300
269,N-232A,Standard,False,0.3,1.0,2,2,2,0,0,0.1365,300
270,N-232A,Standard,False,6.3,1.0,2,2,2,0,0,0.141,300
271,N-232A,Standard,False,9.9,1.0,2,2,2,0,0,0.1315,300
272,N-232A,Standard,False,6.3,1.0,2,2,2,0,0,0.136,300
273,N-232A,Standard,False,0.2,1.0,2,2,2,0,0,0.1215,300
274,N-232A,Standard,False,6.3,1.0,2,2,2,0,0,0.129,300
275,N-232A,Standard,False,2.3,1.0,2,2,2,0,0,0.1245,300
276,N-232A,Standard,False,6.3,1.0,2,2,2,0,0,0.1365,300
277,N-232A,Standard,False,0.6,1.0,2,2,2,0,0,0.13,300
278,N-232A,Standard,False,19.5,1.0,2,2,2,0,0,0.1295,300
279,N-232A,Standard,False,6.3,1.0,2,2,2,0,0,0.107,300
280,N-232A,Standard,False,161.6,1.0,2,2,2,0,0,0.127,300
281,N-232A,Standard,False,77.3,1.0,2,2,2,0,0,0.146,300
282,N-232A,Standard,False,6.3,1.0,2,2,2,0,0,0.133,300
283,N-232A,Standard,False,20.2,1.0,2,2,2,0,0,0.1285,300
284,N-240,Standard,False,74.6,1.0,2,2,2,0,0,0.1275,300
285,N-240,Standard,False,124.0,1.0,2,2,2,0,0,0.1225,300
286,N-240,Standard,True,413.8,1.0,4,4,4,0,0,0.1205,600
287,N-240,Standard,False,54.0,1.0,2,2,2,0,0,0.1335,300
288,N-240,Standard,False,200.2,1.0,2,2,2,0,0,0.1215,300
289,N-240,Standard,False,200.2,1.0,2,2,2,0,0,0.129,300
290,N-240A,Standard,False,2.9,1.0,2,2,2,0,0,0.131,300
291,N-240A,Standard,False,235.8,1.0,2,2,2,0,0,0.117,300
292,N-240R,Standard,False,196.8,1.0,2,2,2,0,0,0.12,300
293,N-240R,Standard,False,196.8,1.0,2,2,2,0,0,0.1265,300
294,N-240R,Standard,False,196.8,1.0,2,2,2,0,0,0.142,300
295,N-240R,Standard,False,196.8,1.0,2,2,2,0,0,0.119,300
296,N-240R,Standard,False,196.8,1.0,2,2,2,0,0,0.129,300
297,N-260,Standard,False,237.8,1.0,2,2,2,0,0,0.1185,300
298,N-260,Standard,False,270.8,1.0,2,2,2,0,0,0.1285,300
299,N-260,Standard,False,11.8,1.0,2,2,2,0,0,0.125,300
300,N-260,Standard,False,249.4,1.0,2,2,2,0,0,0.13,300
301,N-260,Standard,False,166.1,1.0,2,2,2,0,0,0.1275,300
302,N-260,Standard,True,195.8,1.0,4,4,4,0,0,0.1235,600
303,N-260,Standard,False,179.0,1.0,2,2,2,0,0,0.1175,300
304,N-260,Standard,False,120.5,1.0,2,2,2,0,0,0.1215,300
305,N-260,Standard,False,64.5,1.0,2,2,2,0,0,0.12,300
306,N-260A,Standard,False,1.1,1.0,2,2,2,0,0,0.1215,300
307,N-260A,Standard,False,2.3,1.0,2,2,2,0,0,0.117,300
308,N-260A,Standard,False,3.0,1.0,2,2,2,0,0,0.145,300
309,N-260A,Standard,False,2.7,1.0,2,2,2,0,0,0.12,300
310,N-260A,Standard,False,82.3,1.0,2,2,2,0,0,0.1165,300
311,N-260R,Standard,True,103.2,1.0,4,4,4,0,0,0.122,600
312,N-2A,Standard,False,464.8,1.0,2,2,2,0,0,0.143,300
313,N-2A,Standard,False,398.1,1.0,2,2,2,0,0,0.1175,300
314,N-2A,Standard,False,702.1,1.0,2,2,2,0,0,0.1245,300
315,N-2A,Standard,False,398.1,1.0,2,2,2,0,0,0.1265,300
316,N-2A,Standard,False,1.3,1.0,2,2,2,0,0,0.1265,300
317,N-2A,Standard,False,331.5,1.0,2,2,2,0,0,0.1225,300
318,N-2R,Standard,False,20.0,1.0,2,2,2,0,0,0.128,300
319,N-2R,Standard,False,19.0,1.0,2,2,2,0,0,0.126,300
320,N-2R,Standard,False,19.0,1.0,2,2,2,0,0,0.1225,300
321,N-2R,Standard,False,16.6,1.0,2,2,2,0,0,0.1175,300
322,N-301,Standard,False,114.5,1.0,2,2,2,0,0,0.1285,300
323,N-301,Standard,False,34.1,1.0,2,2,2,0,0,0.1235,300
324,N-301,Standard,False,7.6,1.0,2,2,2,0,0,0.125,300
325,N-301,Standard,False,117.1,1.0,2,2,2,0,0,0.129,300
326,N-301,Standard,False,23.3,1.0,2,2,2,0,0,0.129,300
327,N-301,Standard,False,34.1,1.0,2,2,2,0,0,0.118,300
328,N-301,Standard,False,33.2,1.0,2,2,2,0,0,0.1165,300
329,N-301,Standard,False,53.9,1.0,2,2,2,0,0,0.116,300
330,N-310,Standard,False,87.9,1.0,2,2,2,0,0,0.1265,300
331,N-310,Standard,False,54.4,1.0,2,2,2,0,0,0.1045,300
332,N-320,Standard,False,148.6,1.0,2,2,2,0,0,0.1275,300
333,N-320,Standard,False,178.6,1.0,2,2,2,0,0,0.131,300
334,N-320,Standard,False,208.6,1.0,2,2,2,0,0,0.136,300
335,N-320A,Standard,False,11.7,1.0,2,2,2,0,0,0.1235,300
336,N-323,Standard,True,154.2,1.0,4,4,4,0,0,0.1155,600
337,N-323,Standard,False,202.9,1.0,2,2,2,0,0,0.13,300
338,N-323,Standard,True,154.2,1.0,4,4,4,0,0,0.1295,600
339,N-323A,Standard,False,40.3,1.0,2,2,2,0,0,0.1225,300
340,N-323A,Standard,False,28.7,1.0,2,2,2,0,0,0.1185,300
341,N-323A,Standard,False,119.5,1.0,2,2,2,0,0,0.1275,300
342,N-323A,Standard,False,168.9,1.0,2,2,2,0,0,0.134,300
343,N-323A,Standard,False,1.9,1.0,2,2,2,0,0,0.1225,300
344,N-323A,Standard,False,6.4,1.0,2,2,2,0,0,0.1425,300
345,N-323A,Standard,False,17.1,1.0,2,2,2,0,0,0.133,300
346,N-325,Standard,False,389.4,1.0,2,2,2,0,0,0.115,300
347,N-325,Standard,False,211.2,1.0,2,2,2,0,0,0.125,300
348,N-330,Standard,False,69.7,1.0,2,2,2,0,0,0.13,300
349,N-330,Standard,False,53.4,1.0,2,2,2,0,0,0.129,300
350,N-330,Standard,False,601.1,1.0,2,2,2,0,0,0.1235,300
351,N-330,Standard,False,24.7,1.0,2,2,2,0,0,0.111,300
352,N-330,Standard,False,65.3,1.0,2,2,2,0,0,0.14,300
353,N-330,Standard,False,65.3,1.0,2,2,2,0,0,0.126,300
354,N-330,Standard,False,160.4,1.0,2,2,2,0,0,0.1225,300
355,N-330,Standard,False,1244.1,1.0,3,3,3,0,0,0.1285,450
356,N-330,Standard,False,44.9,1.0,2,2,2,0,0,0.128,300
357,N-330,Standard,False,11.9,1.0,2,2,2,0,0,0.1255,300
358,N-330,Standard,False,11.6,1.0,2,2,2,0,0,0.122,300
359,N-330,Standard,False,60.8,1.0,2,2,2,0,0,0.116,300
360,N-330,Standard,False,7.4,1.0,2,2,2,0,0,0.123,300
361,N-332,Standard,False,1008.2,1.0,3,3,3,0,0,0.121,450
362,N-332,Standard,False,569.2,1.0,2,2,2,0,0,0.1245,300
363,N-332,Standard,False,521.7,1.0,2,2,2,0,0,0.1315,300
364,N-332,Standard,False,1457.4,1.0,4,4,4,0,0,0.142,600
365,N-332,Standard,False,780.5,1.0,2,2,2,0,0,0.1205,300
366,N-332,Standard,False,550.6,1.0,2,2,2,0,0,0.1295,300
367,N-332,Standard,False,377.5,1.0,2,2,2,0,0,0.132,300
368,N-332,Standard,False,235.6,1.0,2,2,2,0,0,0.1355,300
369,N-332,Standard,False,249.0,1.0,2,2,2,0,0,0.136,300
370,N-332,Standard,False,550.6,1.0,2,2,2,0,0,0.124,300
371,N-332,Standard,False,468.7,1.0,2,2,2,0,0,0.1255,300
372,N-332,Standard,False,335.7,1.0,2,2,2,0,0,0.1165,300
373,N-332A,Standard,False,113.0,1.0,2,2,2,0,0,0.1295,300
374,N-332A,Standard,False,108.8,1.0,2,2,2,0,0,0.1295,300
375,N-332R,Standard,False,268.8,1.0,2,2,2,0,0,0.124,300
376,N-334,Standard,False,1797.5,1.0,4,4,5,0,1,0.122,600
377,N-334,Standard,False,1797.5,1.0,4,4,5,0,1,0.1265,600
378,N-340,Standard,False,282.7,1.0,2,2,2,0,0,0.125,300
379,N-340,Standard,False,282.7,1.0,2,2,2,0,0,0.1215,300
380,N-340,Standard,False,32.2,1.0,2,2,2,0,0,0.1315,300
381,N-340,Standard,False,813.2,1.0,2,2,2,0,0,0.1185,300
382,N-340,Standard,False,331.0,1.0,2,2,2,0,0,0.1195,300
383,N-340,Standard,False,269.4,1.0,2,2,2,0,0,0.125,300
384,N-340,Standard,False,174.2,1.0,2,2,2,0,0,0.1285,300
385,N-340,Standard,False,282.7,1.0,2,2,2,0,0,0.1435,300
386,N-340,Standard,False,282.7,1.0,2,2,2,0,0,0.129,300
387,N-340,Standard,False,453.7,1.0,2,2,2,0,0,0.135,300
388,N-340,Standard,True,282.7,1.0,4,4,4,0,0,0.1215,600
389,N-340,Standard,True,284.9,1.0,4,4,4,0,0,0.127,600
390,N-340,Standard,False,282.7,1.0,2,2,2,0,0,0.1365,300
391,N-340,Standard,False,277.5,1.0,2,2,2,0,0,0.1255,300
392,N-340,Standard,False,282.7,1.0,2,2,2,0,0,0.1205,300
393,N-340,Standard,False,582.4,1.0,2,2,2,0,0,0.1125,300
394,N-340,Standard,False,495.2,1.0,2,2,2,0,0,0.129,300
395,N-340,Standard,False,282.7,1.0,2,2,2,0,0,0.129,300
396,N-340,Standard,False,637.3,1.0,2,2,2,0,0,0.1235,300
397,N-340,Standard,False,282.7,1.0,2,2,2,0,0,0.132,300
398,N-340,Standard,False,1006.4,1.0,3,3,3,0,0,0.1215,450
399,N-340A,Standard,False,351.9,1.0,2,2,2,0,0,0.122,300
400,N-340A,Standard,False,28.0,1.0,2,2,2,0,0,0.1135,300
401,N-340A,Standard,False,233.8,1.0,2,2,2,0,0,0.1315,300
402,N-340A,Standard,False,175.3,1.0,2,2,2,0,0,0.1205,300
403,N-340A,Standard,False,233.8,1.0,2,2,2,0,0,0.122,300
404,N-347AL,Standard,True,178.1,1.0,4,4,4,0,0,0.1285,600
405,N-347GR,Standard,False,296.2,1.0,2,2,2,0,0,0.1265,300
406,N-349,Standard,True,448.8,1.0,4,4,4,0,0,0.1175,600
407,N-350,Standard,False,598.0,1.0,2,2,2,0,0,0.121,300
408,N-351,Standard,False,196.8,1.0,2,2,2,0,0,0.129,300
409,N-351,Standard,False,196.8,1.0,2,2,2,0,0,0.122,300
410,N-357,Standard,False,303.3,1.0,2,2,2,0,0,0.1325,300
411,N-357,Standard,True,303.3,1.0,4,4,4,0,0,0.125,600
412,N-357,Standard,True,303.3,1.0,4,4,4,0,0,0.132,600
413,N-400,Standard,False,224.8,1.0,2,2,2,0,0,0.1285,300
414,N-400,Standard,False,109.4,1.0,2,2,2,0,0,0.135,300
415,N-400,Standard,False,24.0,1.0,2,2,2,0,0,0.1295,300
416,N-400,Standard,False,24.0,1.0,2,2,2,0,0,0.123,300
417,N-400,Standard,False,19.0,1.0,2,2,2,0,0,0.13,300
418,N-400,Standard,False,11.4,1.0,2,2,2,0,0,0.136,300
419,N-400,Standard,False,24.0,1.0,2,2,2,0,0,0.1345,300
420,N-400A,Standard,False,2.3,1.0,2,2,2,0,0,0.1355,300
421,N-401,Standard,False,176.8,1.0,2,2,2,0,0,0.1265,300
422,N-401A,Standard,False,75.8,1.0,2,2,2,0,0,0.1275,300
423,N-401A,Standard,False,49.6,1.0,2,2,2,0,0,0.1225,300
424,N-401A,Standard,False,161.4,1.0,2,2,2,0,0,0.1285,300
425,N-401A,Standard,False,75.8,1.0,2,2,2,0,0,0.118,300
426,N-401A,Standard,False,75.8,1.0,2,2,2,0,0,0.1275,300
427,N-403,Standard,False,17.7,1.0,2,2,2,0,0,0.134,300
428,N-403,Standard,False,129.1,1.0,2,2,2,0,0,0.129,300
429,N-403,Standard,False,211.3,1.0,2,2,2,0,0,0.1195,300
430,N-403,Standard,False,102.6,1.0,2,2,2,0,0,0.126,300
431,N-403A,Standard,False,15.1,1.0,2,2,2,0,0,0.1175,300
432,N-403A,Standard,False,71.1,1.0,2,2,2,0,0,0.116,300
433,N-403A,Standard,False,48.9,1.0,2,2,2,0,0,0.1285,300
434,N-403A,Standard,False,85.3,1.0,2,2,2,0,0,0.1315,300
435,N-430A,Standard,False,5.8,1.0,2,2,2,0,0,0.1275,300
436,N-430A,Standard,False,15.5,1.0,2,2,2,0,0,0.1225,300
437,N-432A,Standard,False,5.4,1.0,2,2,2,0,0,0.131,300
438,N-432A,Standard,False,1.1,1.0,2,2,2,0,0,0.1475,300
439,N-432A,Standard,False,3.1,1.0,2,2,2,0,0,0.104,300
440,N-432A,Standard,False,2.0,1.0,2,2,2,0,0,0.1335,300
441,N-432A,Standard,False,17.1,1.0,2,2,2,0,0,0.1225,300
442,N-432A,Standard,False,2.8,1.0,2,2,2,0,0,0.116,300
443,N-432A,Standard,False,0.6,1.0,2,2,2,0,0,0.125,300
444,N-432A,Standard,False,2.2,1.0,2,2,2,0,0,0.12,300
445,N-432A,Standard,False,18.5,1.0,2,2,2,0,0,0.123,300
446,N-432A,Standard,False,7.2,1.0,2,2,2,0,0,0.1175,300
447,N-432A,Standard,False,52.2,1.0,2,2,2,0,0,0.1235,300
448,N-432A,Standard,False,112.7,1.0,2,2,2,0,0,0.1325,300
449,N-432A,Standard,False,17.1,1.0,2,2,2,0,0,0.122,300
450,N-432A,Standard,False,17.1,1.0,2,2,2,0,0,0.116,300
451,N-432A,Standard,False,16.9,1.0,2,2,2,0,0,0.118,300
452,N-432A,Standard,False,76.5,1.0,2,2,2,0,0,0.142,300
453,N-432A,Standard,False,17.3,1.0,2,2,2,0,0,0.1245,300
454,N-432A,Standard,False,6.6,1.0,2,2,2,0,0,0.1205,300
455,N-432A,Standard,False,17.1,1.0,2,2,2,0,0,0.138,300
456,N-432R,Standard,False,67.0,1.0,2,2,2,0,0,0.1415,300
457,N-433,Standard,False,108.2,1.0,2,2,2,0,0,0.13,300
458,N-433,Standard,True,146.9,1.0,4,4,4,0,0,0.122,600
459,N-433,Standard,True,69.5,1.0,4,4,4,0,0,0.124,600
460,N-435,Standard,False,119.6,1.0,2,2,2,0,0,0.1185,300
461,N-435A,Standard,False,15.3,1.0,2,2,2,0,0,0.124,300
462,N-5,Standard,False,239.8,1.0,2,2,2,0,0,0.1325,300
463,N-5,Standard,False,11.5,1.0,2,2,2,0,0,0.1125,300
464,N-5,Standard,True,133.3,1.0,4,4,4,0,0,0.1315,600
465,N-5,Standard,False,60.1,1.0,2,2,2,0,0,0.129,300
466,N-5,Standard,False,24.3,1.0,2,2,2,0,0,0.12,300
467,N-501,Standard,False,228.9,1.0,2,2,2,0,0,0.1175,300
468,N-501,Standard,False,27.5,1.0,2,2,2,0,0,0.128,300
469,N-501,Standard,True,123.9,1.0,4,4,4,0,0,0.1165,600
470,N-501,Standard,False,123.9,1.0,2,2,2,0,0,0.13,300
471,N-501A,Standard,False,22.4,1.0,2,2,2,0,0,0.1355,300
472,N-502,Standard,False,78.3,1.0,2,2,2,0,0,0.119,300
473,N-502,Standard,False,68.5,1.0,2,2,2,0,0,0.1225,300
474,N-502,Standard,False,58.7,1.0,2,2,2,0,0,0.1305,300
475,N-502A,Standard,False,18.0,1.0,2,2,2,0,0,0.118,300
476,N-502A,Standard,False,18.0,1.0,2,2,2,0,0,0.126,300
477,N-502A,Standard,False,18.0,1.0,2,2,2,0,0,0.1285,300
478,N-502A,Standard,False,257.3,1.0,2,2,2,0,0,0.132,300
479,N-502A,Standard,False,18.0,1.0,2,2,2,0,0,0.1265,300
480,N-502A,Standard,False,26.1,1.0,2,2,2,0,0,0.1255,300
481,N-502A,Standard,False,18.0,1.0,2,2,2,0,0,0.1255,300
482,N-502A,Standard,False,1.1,1.0,2,2,2,0,0,0.1285,300
483,N-502A,Standard,False,1.4,1.0,2,2,2,0,0,0.1325,300
484,N-521,Standard,False,42.9,1.0,2,2,2,0,0,0.115,300
485,N-521,Standard,False,292.2,1.0,2,2,2,0,0,0.1245,300
486,N-521,Standard,False,183.4,1.0,2,2,2,0,0,0.117,300
487,N-521,Standard,False,440.0,1.0,2,2,2,0,0,0.131,300
488,N-521,Standard,False,74.5,1.0,2,2,2,0,0,0.1355,300
489,N-523,Standard,False,121.5,1.0,2,2,2,0,0,0.1175,300
490,N-523,Standard,False,277.3,1.0,2,2,2,0,0,0.1255,300
491,N-525,Standard,False,65.2,1.0,2,2,2,0,0,0.1365,300
492,N-525,Standard,False,30.6,1.0,2,2,2,0,0,0.1275,300
493,N-525,Standard,False,135.2,1.0,2,2,2,0,0,0.125,300
494,N-525,Standard,False,197.4,1.0,2,2,2,0,0,0.1115,300
495,N-525,Standard,False,293.2,1.0,2,2,2,0,0,0.125,300
496,N-532,Standard,False,87.1,1.0,2,2,2,0,0,0.115,300
497,N-536,Standard,False,68.7,1.0,2,2,2,0,0,0.117,300
498,N-540,Standard,False,461.8,1.0,2,2,2,0,0,0.1315,300
499,N-540,Standard,False,244.5,1.0,2,2,2,0,0,0.1275,300
500,N-540,Standard,False,125.4,1.0,2,2,2,0,0,0.1225,300
501,N-540A,Standard,False,6.0,1.0,2,2,2,0,0,0.1325,300
502,N-541,Standard,False,114.0,1.0,2,2,2,0,0,0.1305,300
503,N-542,Standard,False,761.6,1.0,2,2,2,0,0,0.1355,300
504,N-544,Standard,False,231.4,1.0,2,2,2,0,0,0.1115,300
505,N-547,Standard,False,124.7,1.0,2,2,2,0,0,0.123,300
506,N-550,Standard,False,736.7,1.0,2,2,2,0,0,0.129,300
507,N-550,Standard,False,374.5,1.0,2,2,2,0,0,0.139,300
508,N-550,Standard,False,864.5,1.0,2,2,2,0,0,0.1215,300
509,N-550,Standard,False,437.7,1.0,2,2,2,0,0,0.1255,300
510,N-550,Standard,False,219.8,1.0,2,2,2,0,0,0.128,300
511,N-550,Standard,False,486.1,1.0,2,2,2,0,0,0.1285,300
512,N-550,Standard,False,486.1,1.0,2,2,2,0,0,0.122,300
513,N-550,Standard,False,534.5,1.0,2,2,2,0,0,0.118,300
514,N-550A,Standard,False,364.0,1.0,2,2,2,0,0,0.119,300
515,N-550A,Standard,False,163.6,1.0,2,2,2,0,0,0.141,300
516,N-550R,Standard,False,245.1,1.0,2,2,2,0,0,0.1195,300
517,N-551,Standard,False,205.9,1.0,2,2,2,0,0,0.1245,300
518,N-552,Standard,False,402.6,1.0,2,2,2,0,0,0.1315,300
519,N-554,Standard,False,336.1,1.0,2,2,2,0,0,0.117,300
520,N-555,Standard,False,263.0,1.0,2,2,2,0,0,0.1245,300
521,N-556,Standard,False,352.7,1.0,2,2,2,0,0,0.121,300
522,N-559,Standard,False,24.2,1.0,2,2,2,0,0,0.1305,300
523,N-5A,Standard,False,72.1,1.0,2,2,2,0,0,0.1215,300
524,N-5A,Standard,False,542.1,1.0,2,2,2,0,0,0.126,300
525,N-5A,Standard,False,307.1,1.0,2,2,2,0,0,0.129,300
526,N-6,Standard,False,475.5,1.0,2,2,2,0,0,0.1115,300
527,N-6,Standard,False,239.0,1.0,2,2,2,0,0,0.124,300
528,N-6,Standard,False,2.4,1.0,2,2,2,0,0,0.1265,300
529,N-6,Standard,False,7.0,1.0,2,2,2,0,0,0.133,300
530,N-6,Standard,False,124.3,1.0,2,2,2,0,0,0.126,300
531,N-6,Standard,False,138.5,1.0,2,2,2,0,0,0.1335,300
532,N-6,Standard,False,124.3,1.0,2,2,2,0,0,0.122,300
533,N-6,Standard,False,33.4,1.0,2,2,2,0,0,0.1225,300
534,N-6,Standard,False,49.4,1.0,2,2,2,0,0,0.129,300
535,N-6,Standard,False,70.2,1.0,2,2,2,0,0,0.1435,300
536,N-6,Standard,False,110.0,1.0,2,2,2,0,0,0.1315,300
537,N-6,Standard,False,611.0,1.0,2,2,2,0,0,0.1185,300
538,N-6,Standard,False,871.1,1.0,2,2,2,0,0,0.116,300
539,N-6,Standard,False,470.3,1.0,2,2,2,0,0,0.1345,300
540,N-6,Standard,False,102.2,1.0,2,2,2,0,0,0.1375,300
541,N-620A,Standard,False,846.9,1.0,2,2,2,0,0,0.1235,300
542,N-620A,Standard,False,89.5,1.0,2,2,2,0,0,0.135,300
543,N-621,Standard,False,50.3,1.0,2,2,2,0,0,0.126,300
544,N-621,Standard,False,71.4,1.0,2,2,2,0,0,0.1165,300
545,N-621A,Standard,False,2.1,1.0,2,2,2,0,0,0.1225,300
546,N-622,Standard,False,24.5,1.0,2,2,2,0,0,0.1355,300
547,N-622,Standard,True,24.5,1.0,4,4,4,0,0,0.126,600
548,N-622,Standard,True,24.5,1.0,4,4,4,0,0,0.117,600
549,N-622,Standard,False,24.5,1.0,2,2,2,0,0,0.135,300
550,N-622A,Standard,False,4.8,1.0,2,2,2,0,0,0.1335,300
551,N-623,Standard,False,142.2,1.0,2,2,2,0,0,0.122,300
552,N-623,Standard,True,287.7,1.0,4,4,4,0,0,0.127,600
553,N-623,Standard,False,178.6,1.0,2,2,2,0,0,0.116,300
554,N-623,Standard,False,287.7,1.0,2,2,2,0,0,0.1205,300
555,N-623,Standard,False,396.9,1.0,2,2,2,0,0,0.132,300
556,N-623,Standard,False,816.8,1.0,2,2,2,0,0,0.117,300
557,N-625,Standard,False,74.3,1.0,2,2,2,0,0,0.118,300
558,N-625,Standard,False,81.8,1.0,2,2,2,0,0,0.141,300
559,N-627,Standard,True,110.2,1.0,4,4,4,0,0,0.125,600
560,N-627,Standard,False,110.2,1.0,2,2,2,0,0,0.1245,300
561,N-629,Standard,False,81.1,1.0,2,2,2,0,0,0.1295,300
562,N-632A,Standard,False,6.7,1.0,2,2,2,0,0,0.122,300
563,N-633,Standard,False,578.5,1.0,2,2,2,0,0,0.121,300
564,N-633,Standard,True,578.5,1.0,4,4,4,0,0,0.125,600
565,N-634,Standard,False,136.1,1.0,2,2,2,0,0,0.122,300
566,N-634,Standard,False,136.1,1.0,2,2,2,0,0,0.1305,300
567,N-634,Standard,False,136.1,1.0,2,2,2,0,0,0.1205,300
568,N-634,Standard,False,136.1,1.0,2,2,2,0,0,0.121,300
569,N-634,Standard,False,108.1,1.0,2,2,2,0,0,0.129,300
570,N-634,Standard,False,125.9,1.0,2,2,2,0,0,0.116,300
571,N-634,Standard,False,136.1,1.0,2,2,2,0,0,0.1355,300
572,N-634,Standard,False,304.9,1.0,2,2,2,0,0,0.131,300
573,N-634,Standard,False,178.9,1.0,2,2,2,0,0,0.129,300
574,N-634,Standard,False,139.4,1.0,2,2,2,0,0,0.1255,300
575,N-634,Standard,False,32.9,1.0,2,2,2,0,0,0.135,300
576,N-634,Standard,False,136.1,1.0,2,2,2,0,0,0.1245,300
577,N-634,Standard,False,232.7,1.0,2,2,2,0,0,0.138,300
578,N-634,Standard,False,132.8,1.0,2,2,2,0,0,0.13,300
579,N-634,Standard,False,443.3,1.0,2,2,2,0,0,0.132,300
580,N-634,Standard,False,144.1,1.0,2,2,2,0,0,0.124,300
581,N-634,Standard,False,92.5,1.0,2,2,2,0,0,0.116,300
582,N-634,Standard,False,75.2,1.0,2,2,2,0,0,0.1265,300
583,N-634,Standard,False,136.1,1.0,2,2,2,0,0,0.129,300
584,N-634,Standard,False,95.3,1.0,2,2,2,0,0,0.1325,300
585,N-634,Standard,False,194.8,1.0,2,2,2,0,0,0.113,300
586,N-634,Standard,True,136.1,1.0,4,4,4,0,0,0.1235,600
587,N-634,Standard,True,64.3,1.0,4,4,4,0,0,0.1215,600
588,N-634,Standard,False,136.1,1.0,2,2,2,0,0,0.1405,300
589,N-634,Standard,False,136.1,1.0,2,2,2,0,0,0.1315,300
590,N-634,Standard,False,159.1,1.0,2,2,2,0,0,0.124,300
591,N-634A,Standard,False,15.3,1.0,2,2,2,0,0,0.115,300
592,N-655,Standard,False,44.1,1.0,2,2,2,0,0,0.114,300
593,N-6A,Standard,False,3.0,1.0,2,2,2,0,0,0.1195,300
594,N-6A,Standard,False,127.2,1.0,2,2,2,0,0,0.125,300
595,N-362,Standard,False,196.8,1.0,2,2,2,0,0,0.119,300
596,N-354,Standard,False,196.8,1.0,2,2,2,0,0,0.116,300
597,N-352,Standard,False,372.0,1.0,2,2,2,0,0,0.121,300
598,N-554R,Standard,False,196.8,1.0,2,2,2,0,0,0.1125,300
599,A-57,Standard,False,196.8,1.0,2,2,2,0,0,0.1415,300
600,A-92M,Standard,True,196.8,1.0,4,4,4,0,0,0.1355,600
601,A-92N,Standard,True,196.8,1.0,4,4,4,0,0,0.135,600
602,A-384,Mediterranean,False,196.8,2.5,2,2,2,0,0,0.1295,300
603,A-384,Mediterranean,True,196.8,2.5,4,4,4,0,0,0.127,600
604,A-381,Mediterranean,True,196.8,2.5,4,4,4,0,0,0.1235,600
605,A-10,Standard,True,196.8,1.0,4,4,4,0,0,0.1225,600
606,AP-15,Standard,True,196.8,1.0,4,4,4,0,0,0.134,600
607,AP-15,Standard,True,196.8,1.0,4,4,4,0,0,0.1285,600
608,AP-15,Standard,False,196.8,1.0,2,2,2,0,0,0.125,300
609,AP-15,Standard,True,196.8,1.0,4,4,4,0,0,0.136,600
610,AP-15-R,Standard,False,196.8,1.0,2,2,2,0,0,0.122,300
611,N-121-A,Standard,True,196.8,1.0,4,4,4,0,0,0.148,600
612,N-121-A,Standard,True,196.8,1.0,4,4,4,0,0,0.133,600
613,N-644,Standard,True,196.8,1.0,4,4,4,0,0,0.1305,600
614,A-66R,Atlantic,False,196.8,1.5,2,2,2,0,0,0.13,300
615,A-66R,Atlantic,False,196.8,1.5,2,2,2,0,0,0.13,300
616,A-66R,Atlantic,False,196.8,1.5,2,2,2,0,0,0.128,300
617,AP-7S,Mediterranean,True,496.1,2.5,4,4,4,0,0,0.1405,600
618,AP-7S,Mediterranean,True,377.8,2.5,4,4,4,0,0,0.1425,600
619,AP-7S,Mediterranean,True,574.9,2.5,4,4,4,0,0,0.11,600
620,AP-7S,Mediterranean,True,496.1,2.5,4,4,4,0,0,0.1175,600
621,AP-7S,Mediterranean,True,496.1,2.5,4,4,4,0,0,0.12,600
622,N-4,Standard,False,49.1,1.0,2,2,2,0,0,0.134,300
623,N-4,Standard,False,43.4,1.0,2,2,2,0,0,0.126,300
624,N-4,Standard,False,196.9,1.0,2,2,2,0,0,0.1235,300
625,N-4,Standard,False,258.4,1.0,2,2,2,0,0,0.138,300
626,N-4,Standard,False,112.7,1.0,2,2,2,0,0,0.1335,300
627,N-4,Standard,False,731.2,1.0,2,2,2,0,0,0.1205,300
628,N-4,Standard,False,360.2,1.0,2,2,2,0,0,0.1135,300
629,N-4,Standard,False,170.3,1.0,2,2,2,0,0,0.1195,300
630,N-4,Standard,False,183.6,1.0,2,2,2,0,0,0.1295,300
631,A-7S,Mediterranean,True,593.8,2.5,4,4,4,0,0,0.129,600
632,A-7S,Mediterranean,True,821.1,2.5,4,5,5,1,0,0.1225,750
633,A-7S,Mediterranean,True,967.6,2.5,4,6,6,2,0,0.124,900
634,A-7S,Mediterranean,True,1475.3,2.5,4,9,10,5,1,0.1375,1350
635,A-7S,Mediterranean,True,1060.4,2.5,4,6,7,2,1,0.125,900
636,A-7S,Mediterranean,True,380.0,2.5,4,4,4,0,0,0.1305,600
637,A-7S,Mediterranean,True,458.7,2.5,4,4,4,0,0,0.1215,600
638,A-7S,Mediterranean,True,1212.5,2.5,4,7,7,3,0,0.117,1050
639,A-7S,Mediterranean,True,601.4,2.5,4,4,4,0,0,0.1275,600
640,A-7S,Mediterranean,True,660.7,2.5,4,4,4,0,0,0.113,600
641,A-7S,Mediterranean,True,562.2,2.5,4,4,4,0,0,0.132,600
642,A-7S,Mediterranean,True,1578.1,2.5,4,9,9,5,0,0.1175,1350
643,A-7S,Mediterranean,True,1212.5,2.5,4,7,7,3,0,0.1215,1050
644,A-7S,Mediterranean,False,1212.5,2.5,3,7,8,4,1,0.1345,1050
645,A-7S,Mediterranean,True,1600.4,2.5,4,9,10,5,1,0.1295,1350
646,A-7S,Mediterranean,False,2407.4,2.5,6,12,12,6,0,0.118,1800
647,A-1,Standard,False,802.6,1.0,2,2,3,0,1,0.1375,300
648,A-1,Standard,True,802.6,1.0,4,4,4,0,0,0.116,600
649,A-1,Standard,True,1268.0,1.0,4,4,4,0,0,0.122,600
650,A-1,Standard,True,802.6,1.0,4,4,4,0,0,0.125,600
651,A-1,Standard,True,802.6,1.0,4,4,4,0,0,0.1155,600
652,A-1,Standard,True,802.6,1.0,4,4,4,0,0,0.1265,600
653,A-1,Standard,True,802.6,1.0,4,4,4,0,0,0.126,600
654,A-1,Standard,True,802.6,1.0,4,4,4,0,0,0.1315,600
655,A-1,Standard,True,802.6,1.0,4,4,4,0,0,0.1285,600
656,A-1,Standard,True,802.6,1.0,4,4,4,0,0,0.1365,600
657,A-1,Standard,True,802.6,1.0,4,4,4,0,0,0.1425,600
658,A-11,Standard,False,116.7,1.0,2,2,2,0,0,0.1365,300
659,A-11,Standard,False,143.2,1.0,2,2,2,0,0,0.125,300
660,A-11,Standard,False,114.8,1.0,2,2,2,0,0,0.1425,300
661,A-11,Standard,False,97.1,1.0,2,2,2,0,0,0.1255,300
662,A-11,Standard,False,522.9,1.0,2,2,2,0,0,0.125,300
663,A-11,Standard,False,143.2,1.0,2,2,2,0,0,0.1255,300
664,A-11,Standard,True,245.1,1.0,4,4,4,0,0,0.1255,600
665,A-11,Standard,True,169.8,1.0,4,4,4,0,0,0.1145,600
666,A-11R,Standard,False,196.8,1.0,2,2,2,0,0,0.1485,300
667,A-12,Standard,False,372.6,1.0,2,2,2,0,0,0.127,300
668,A-12,Standard,False,372.6,1.0,2,2,2,0,0,0.128,300
669,A-12,Standard,False,372.6,1.0,2,2,2,0,0,0.1275,300
670,A-13,Standard,False,712.0,1.0,2,2,2,0,0,0.1205,300
671,A-14,Standard,False,184.7,1.0,2,2,2,0,0,0.132,300
672,A-14-R2,Standard,False,196.8,1.0,2,2,2,0,0,0.115,300
673,A-15,Standard,True,171.1,1.0,4,4,4,0,0,0.117,600
674,A-15,Standard,True,171.1,1.0,4,4,4,0,0,0.1305,600
675,A-15,Standard,True,171.1,1.0,4,4,4,0,0,0.139,600
676,A-15,Standard,False,171.1,1.0,2,2,2,0,0,0.1255,300
677,A-15,Standard,True,115.6,1.0,4,4,4,0,0,0.128,600
678,A-15,Standard,True,218.2,1.0,4,4,4,0,0,0.122,600
679,A-15,Standard,False,171.1,1.0,2,2,2,0,0,0.1135,300
680,A-15,Standard,True,171.1,1.0,4,4,4,0,0,0.113,600
681,A-15,Standard,True,171.1,1.0,4,4,4,0,0,0.135,600
682,A-15,Standard,False,171.1,1.0,2,2,2,0,0,0.131,300
683,A-1A,Standard,False,128.3,1.0,2,2,2,0,0,0.1295,300
684,A-2,Standard,False,1858.6,1.0,5,5,5,0,0,0.1185,750
685,A-2,Standard,True,2037.8,1.0,5,5,6,0,1,0.1405,750
686,A-2,Standard,True,737.3,1.0,4,4,4,0,0,0.115,600
687,A-2,Standard,True,595.3,1.0,4,4,4,0,0,0.1235,600
688,A-2,Standard,True,476.1,1.0,4,4,4,0,0,0.125,600
689,A-2,Standard,True,771.6,1.0,4,4,4,0,0,0.116,600
690,A-2,Standard,True,2054.9,1.0,5,5,5,0,0,0.127,750
691,A-2,Standard,True,2301.4,1.0,6,6,6,0,0,0.13,900
692,A-2,Standard,True,2859.5,1.0,7,7,7,0,0,0.1145,1050
693,A-2,Standard,True,2245.2,1.0,5,5,6,0,1,0.135,750
694,A-2,Standard,True,1405.1,1.0,4,4,4,0,0,0.1315,600
695,A-2,Standard,False,405.3,1.0,2,2,2,0,0,0.1115,300
696,A-2,Standard,True,565.1,1.0,4,4,4,0,0,0.116,600
697,A-2,Standard,True,1008.4,1.0,4,4,4,0,0,0.127,600
698,A-2,Standard,True,1097.6,1.0,4,4,4,0,0,0.126,600
699,A-2,Standard,True,1051.3,1.0,4,4,4,0,0,0.1165,600
700,A-2,Standard,True,3810.1,1.0,9,9,10,0,1,0.129,1350
701,A-2,Standard,True,4754.1,1.0,11,11,11,0,0,0.117,1650
702,A-2,Standard,False,693.8,1.0,2,2,2,0,0,0.1225,300
703,A-2,Standard,False,398.6,1.0,2,2,2,0,0,0.1355,300
704,A-21,Standard,True,112.8,1.0,4,4,4,0,0,0.123,600
705,A-21,Standard,True,112.8,1.0,4,4,4,0,0,0.123,600
706,A-21,Standard,True,115.5,1.0,4,4,4,0,0,0.1355,600
707,A-21,Standard,False,112.8,1.0,2,2,2,0,0,0.12,300
708,A-21,Standard,False,112.8,1.0,2,2,2,0,0,0.117,300
709,A-21,Standard,True,99.1,1.0,4,4,4,0,0,0.127,600
710,A-21,Standard,False,112.8,1.0,2,2,2,0,0,0.1245,300
711,A-21,Standard,True,112.0,1.0,4,4,4,0,0,0.1225,600
712,A-21,Standard,True,113.7,1.0,4,4,4,0,0,0.1285,600
713,A-22,Standard,True,346.7,1.0,4,4,4,0,0,0.1205,600
714,A-22,Standard,True,323.4,1.0,4,4,4,0,0,0.1255,600
715,A-22,Standard,True,323.4,1.0,4,4,4,0,0,0.129,600
716,A-22,Standard,True,300.0,1.0,4,4,4,0,0,0.122,600
717,A-22,Standard,True,323.4,1.0,4,4,4,0,0,0.1235,600
718,A-22,Standard,False,323.4,1.0,2,2,2,0,0,0.128,300
719,A-22-R1,Standard,False,120.8,1.0,2,2,2,0,0,0.138,300
720,A-22-R2,Standard,False,62.7,1.0,2,2,2,0,0,0.128,300
721,A-30,Mediterranean,True,4043.9,2.5,9,12,12,3,0,0.1285,1800
722,A-30,Mediterranean,True,1855.2,2.5,5,11,12,6,1,0.1315,1650
723,A-30,Mediterranean,True,2104.8,2.5,5,12,12,7,0,0.1355,1800
724,A-31,Mediterranean,True,393.2,2.5,4,4,4,0,0,0.112,600
725,A-31,Mediterranean,True,854.5,2.5,4,5,5,1,0,0.117,750
726,A-31,Mediterranean,True,1123.4,2.5,4,7,6,3,-1,0.1115,1050
727,A-31,Mediterranean,True,531.6,2.5,4,4,4,0,0,0.1375,600
728,A-31,Mediterranean,True,1165.0,2.5,4,7,7,3,0,0.116,1050
729,A-31,Mediterranean,True,1142.8,2.5,4,7,7,3,0,0.1255,1050
730,A-31,Mediterranean,True,1451.3,2.5,4,9,10,5,1,0.1375,1350
731,A-32,Mediterranean,True,298.5,2.5,4,4,4,0,0,0.1235,600
732,A-32,Mediterranean,True,159.4,2.5,4,4,4,0,0,0.1255,600
733,A-32,Mediterranean,True,63.5,2.5,4,4,4,0,0,0.1305,600
734,A-33,Mediterranean,False,311.8,2.5,2,2,2,0,0,0.1245,300
735,A-35,Mediterranean,False,670.5,2.5,2,4,5,2,1,0.1335,600
736,A-35,Mediterranean,True,670.5,2.5,4,4,4,0,0,0.1165,600
737,A-35,Mediterranean,False,670.5,2.5,2,4,4,2,0,0.1155,600
738,A-38,Mediterranean,False,687.0,2.5,2,4,5,2,1,0.132,600
739,A-38,Mediterranean,False,886.5,2.5,2,5,6,3,1,0.1285,750
740,A-4,Standard,False,4358.1,1.0,10,10,12,0,2,0.139,1500
741,A-4,Standard,True,3814.7,1.0,9,9,9,0,0,0.1225,1350
742,A-4,Standard,True,1232.9,1.0,4,4,4,0,0,0.1285,600
743,A-4,Standard,True,846.9,1.0,4,4,4,0,0,0.122,600
744,A-4,Standard,True,692.6,1.0,4,4,4,0,0,0.143,600
745,A-4,Standard,True,717.4,1.0,4,4,4,0,0,0.116,600
746,A-4,Standard,True,767.0,1.0,4,4,4,0,0,0.1295,600
747,A-4,Standard,True,909.2,1.0,4,4,4,0,0,0.13,600
748,A-4,Standard,True,1546.2,1.0,4,4,4,0,0,0.12,600
749,A-4,Standard,True,1308.5,1.0,4,4,4,0,0,0.1205,600
750,A-4,Standard,False,909.2,1.0,3,3,3,0,0,0.1235,450
751,A-4,Standard,False,420.5,1.0,2,2,2,0,0,0.1155,300
752,A-4,Standard,False,909.2,1.0,3,3,2,0,-1,0.1165,450
753,A-4,Standard,True,339.1,1.0,4,4,4,0,0,0.135,600
754,A-4,Standard,True,1181.3,1.0,4,4,4,0,0,0.133,600
755,A-40,Standard,False,401.0,1.0,2,2,2,0,0,0.148,300
756,A-40,Standard,False,112.9,1.0,2,2,2,0,0,0.118,300
757,A-40,Standard,False,150.3,1.0,2,2,2,0,0,0.134,300
758,A-40,Standard,False,177.4,1.0,2,2,2,0,0,0.116,300
759,A-41,Standard,False,319.3,1.0,2,2,2,0,0,0.1195,300
760,A-41,Standard,True,319.3,1.0,4,4,4,0,0,0.1145,600
761,A-42,Standard,False,2465.4,1.0,6,6,6,0,0,0.1175,900
762,A-43,Standard,True,352.2,1.0,4,4,4,0,0,0.128,600
763,A-43,Standard,True,318.2,1.0,4,4,4,0,0,0.1185,600
764,A-43,Standard,True,349.9,1.0,4,4,4,0,0,0.1285,600
765,A-43,Standard,True,247.2,1.0,4,4,4,0,0,0.1305,600
766,A-44,Standard,True,675.6,1.0,4,4,4,0,0,0.1285,600
767,A-44,Standard,True,751.0,1.0,4,4,4,0,0,0.1255,600
768,A-44,Standard,True,747.0,1.0,4,4,4,0,0,0.1205,600
769,A-44,Standard,False,420.4,1.0,2,2,2,0,0,0.1295,300
770,A-44,Standard,False,747.0,1.0,2,2,2,0,0,0.121,300
771,A-44,Standard,True,920.0,1.0,4,4,4,0,0,0.12,600
772,A-45,Standard,True,549.7,1.0,4,4,4,0,0,0.141,600
773,A-45,Standard,True,875.2,1.0,4,4,4,0,0,0.1265,600
774,A-45,Standard,True,1223.2,1.0,4,4,4,0,0,0.1375,600
775,A-45,Standard,True,875.2,1.0,4,4,4,0,0,0.1145,600
776,A-45,Standard,False,875.2,1.0,2,2,2,0,0,0.1195,300
777,A-48,Standard,False,1087.2,1.0,3,3,3,0,0,0.1275,450
778,A-49,Standard,True,1789.0,1.0,4,4,5,0,1,0.1215,600
779,A-49,Standard,True,487.4,1.0,4,4,4,0,0,0.126,600
780,A-4A,Standard,False,57.3,1.0,2,2,2,0,0,0.1095,300
781,A-4R1,Standard,False,196.8,1.0,2,2,2,0,0,0.119,300
782,A-4R2,Standard,False,196.8,1.0,2,2,2,0,0,0.135,300
783,A-5,Standard,False,680.9,1.0,2,2,2,0,0,0.124,300
784,A-5,Standard,True,2044.0,1.0,5,5,5,0,0,0.1285,750
785,A-5,Standard,True,2410.5,1.0,6,6,6,0,0,0.113,900
786,A-5,Standard,True,1212.7,1.0,4,4,4,0,0,0.109,600
787,A-5,Standard,True,781.1,1.0,4,4,4,0,0,0.1315,600
788,A-5,Standard,True,430.7,1.0,4,4,4,0,0,0.136,600
789,A-5,Standard,True,333.4,1.0,4,4,4,0,0,0.1285,600
790,A-5,Standard,True,553.0,1.0,4,4,4,0,0,0.1115,600
791,A-5,Standard,True,787.0,1.0,4,4,4,0,0,0.123,600
792,A-5,Standard,True,605.5,1.0,4,4,4,0,0,0.1215,600
793,A-5,Standard,True,680.9,1.0,4,4,4,0,0,0.1305,600
794,A-5,Standard,True,390.4,1.0,4,4,4,0,0,0.1095,600
795,A-5,Standard,True,680.9,1.0,4,4,4,0,0,0.1235,600
796,A-50,Standard,True,292.0,1.0,4,4,4,0,0,0.1305,600
797,A-50,Standard,True,470.2,1.0,4,4,4,0,0,0.114,600
798,A-50,Standard,True,381.1,1.0,4,4,4,0,0,0.137,600
799,A-52,Standard,False,583.1,1.0,2,2,2,0,0,0.135,300
800,A-52,Standard,True,311.1,1.0,4,4,4,0,0,0.125,600
801,A-52,Standard,True,483.0,1.0,4,4,4,0,0,0.1255,600
802,A-52,Standard,True,963.9,1.0,4,4,4,0,0,0.1235,600
803,A-52,Standard,True,683.1,1.0,4,4,4,0,0,0.1275,600
804,A-52,Standard,False,583.1,1.0,2,2,2,0,0,0.125,300
805,A-54,Standard,True,162.8,1.0,4,4,4,0,0,0.1285,600
806,A-54,Standard,True,260.4,1.0,4,4,4,0,0,0.1215,600
807,A-54,Standard,True,260.4,1.0,4,4,4,0,0,0.1115,600
808,A-54,Standard,True,610.5,1.0,4,4,4,0,0,0.1295,600
809,A-54,Standard,True,260.4,1.0,4,4,4,0,0,0.126,600
810,A-55,Standard,True,1251.6,1.0,4,4,4,0,0,0.119,600
811,A-55,Standard,True,1194.1,1.0,4,4,4,0,0,0.122,600
812,A-55,Standard,True,2085.4,1.0,5,5,5,0,0,0.114,750
813,A-55,Standard,True,1309.2,1.0,4,4,4,0,0,0.1445,600
814,A-8,Atlantic,True,678.5,1.5,4,4,4,0,0,0.129,600
815,A-8,Atlantic,True,1587.4,1.5,4,6,6,2,0,0.1295,900
816,A-8,Atlantic,True,2049.5,1.5,5,7,8,2,1,0.1255,1050
817,A-8,Atlantic,True,749.8,1.5,4,4,4,0,0,0.13,600
818,A-8,Atlantic,True,673.3,1.5,4,4,4,0,0,0.1215,600
819,A-8,Atlantic,True,675.9,1.5,4,4,4,0,0,0.1305,600
820,A-8,Atlantic,True,431.3,1.5,4,4,4,0,0,0.1245,600
821,A-8,Atlantic,True,381.9,1.5,4,4,4,0,0,0.126,600
822,A-8,Atlantic,True,329.0,1.5,4,4,4,0,0,0.1385,600
823,A-8,Atlantic,True,295.8,1.5,4,4,4,0,0,0.13,600
824,A-8,Atlantic,True,262.7,1.5,4,4,4,0,0,0.1305,600
825,A-8,Atlantic,True,310.4,1.5,4,4,4,0,0,0.1315,600
826,A-91,Standard,True,375.2,1.0,4,4,4,0,0,0.127,600
827,A-92,Standard,True,437.0,1.0,4,4,4,0,0,0.1425,600
828,A-92,Standard,True,437.0,1.0,4,4,4,0,0,0.1195,600
829,A-92,Standard,True,437.0,1.0,4,4,4,0,0,0.1335,600
830,A-92,Standard,True,437.0,1.0,4,4,4,0,0,0.1215,600
831,A-92,Standard,True,437.0,1.0,4,4,4,0,0,0.1345,600
832,A-92,Standard,True,437.0,1.0,4,4,4,0,0,0.1325,600
833,A-92,Standard,False,437.0,1.0,2,2,2,0,0,0.1315,300
834,AP-1,Standard,True,839.2,1.0,4,4,4,0,0,0.121,600
835,AP-1,Standard,True,839.2,1.0,4,4,4,0,0,0.123,600
836,AP-1,Standard,True,839.2,1.0,4,4,4,0,0,0.142,600
837,AP-1,Standard,True,839.2,1.0,4,4,4,0,0,0.1225,600
838,AP-1,Standard,False,839.2,1.0,2,2,3,0,1,0.1315,300
839,AP-2,Standard,False,473.5,1.0,2,2,2,0,0,0.1225,300
840,AP-2,Standard,True,510.2,1.0,4,4,4,0,0,0.1275,600
841,AP-2,Standard,True,436.7,1.0,4,4,4,0,0,0.125,600
842,AP-36,Standard,False,109.6,1.0,2,2,2,0,0,0.126,300
843,AP-36,Standard,False,294.6,1.0,2,2,2,0,0,0.1235,300
844,AP-4,Mediterranean,True,936.0,2.5,4,6,6,2,0,0.1245,900
845,AP-4,Mediterranean,True,985.3,2.5,4,6,6,2,0,0.119,900
846,AP-4,Mediterranean,True,679.0,2.5,4,4,5,0,1,0.1345,600
847,AP-4,Mediterranean,False,936.0,2.5,3,6,7,3,1,0.147,900
848,AP-41,Mediterranean,False,50.1,2.5,2,2,2,0,0,0.136,300
849,AP-46,Mediterranean,False,470.8,2.5,2,3,3,1,0,0.137,450
850,AP-4A,Mediterranean,False,938.3,2.5,3,6,6,3,0,0.122,900
851,AP-51,Standard,True,321.4,1.0,4,4,4,0,0,0.113,600
852,AP-53,Standard,False,281.7,1.0,2,2,2,0,0,0.1185,300
853,AP-6,Standard,False,796.6,1.0,2,2,2,0,0,0.117,300
854,AP-6,Standard,True,1095.3,1.0,4,4,4,0,0,0.1155,600
855,AP-6,Standard,True,796.6,1.0,4,4,4,0,0,0.112,600
856,AP-6,Standard,True,470.8,1.0,4,4,4,0,0,0.111,600
857,AP-61,Standard,False,299.4,1.0,2,2,2,0,0,0.134,300
858,AP-66,Atlantic,True,267.5,1.5,4,4,4,0,0,0.1145,600
859,AP-68,Standard,True,890.3,1.0,4,4,4,0,0,0.1335,600
860,AP-68,Standard,True,795.5,1.0,4,4,4,0,0,0.1365,600
861,AP-68,Standard,True,344.0,1.0,4,4,4,0,0,0.1285,600
862,AP-68,Standard,True,243.1,1.0,4,4,4,0,0,0.126,600
863,AP-68,Standard,True,353.4,1.0,4,4,4,0,0,0.12,600
864,AP-68,Standard,True,380.0,1.0,4,4,4,0,0,0.118,600
865,AP-68,Standard,True,393.2,1.0,4,4,4,0,0,0.118,600
866,AP-68,Standard,True,485.8,1.0,4,4,4,0,0,0.127,600
867,AP-68,Standard,True,386.6,1.0,4,4,4,0,0,0.1255,600
868,AP-68,Standard,True,386.6,1.0,4,4,4,0,0,0.138,600
869,AP-71,Mediterranean,False,188.6,2.5,2,2,2,0,0,0.14,300
870,AP-71,Mediterranean,False,188.6,2.5,2,2,2,0,0,0.1235,300
871,AP-7N,Mediterranean,False,976.8,2.5,3,6,6,3,0,0.122,900
872,AP-7N,Mediterranean,True,1396.0,2.5,4,8,9,4,1,0.1255,1200
873,AP-7N,Mediterranean,True,2266.1,2.5,6,12,12,6,0,0.125,1800
874,AP-7N,Mediterranean,True,4010.8,2.5,9,12,12,3,0,0.108,1800
875,AP-7N,Mediterranean,True,3443.7,2.5,8,12,12,4,0,0.124,1800
876,AP-7N,Mediterranean,True,2650.7,2.5,6,12,12,6,0,0.1175,1800
877,AP-7N,Mediterranean,True,2118.1,2.5,5,12,12,7,0,0.125,1800
878,AP-7N,Mediterranean,True,1529.9,2.5,4,9,9,5,0,0.125,1350
879,AP-7N,Mediterranean,True,968.9,2.5,4,6,6,2,0,0.1235,900
880,AP-7N,Mediterranean,True,911.8,2.5,4,6,6,2,0,0.1235,900
881,AP-7N,Mediterranean,True,856.9,2.5,4,5,6,1,1,0.13,750
882,AP-7N,Mediterranean,True,1187.0,2.5,4,7,8,3,1,0.1455,1050
883,AP-7N,Mediterranean,True,2076.4,2.5,5,12,12,7,0,0.122,1800
884,AP-7N,Mediterranean,True,960.1,2.5,4,6,6,2,0,0.123,900
885,AP-7N,Mediterranean,True,1085.6,2.5,4,7,6,3,-1,0.1165,1050
886,AP-7N,Mediterranean,True,497.8,2.5,4,4,4,0,0,0.131,600
887,AP-7N,Mediterranean,False,551.2,2.5,2,4,4,2,0,0.132,600
888,N-1,Standard,False,95.0,1.0,2,2,2,0,0,0.126,300
889,N-1,Standard,False,180.4,1.0,2,2,2,0,0,0.1205,300
890,N-1,Standard,False,93.0,1.0,2,2,2,0,0,0.1365,300
891,N-1,Standard,False,15.0,1.0,2,2,2,0,0,0.119,300
892,N-1,Standard,False,3.4,1.0,2,2,2,0,0,0.1165,300
893,N-1,Standard,False,8.4,1.0,2,2,2,0,0,0.126,300
894,N-1,Standard,False,35.4,1.0,2,2,2,0,0,0.126,300
895,N-120,Standard,False,282.2,1.0,2,2,2,0,0,0.1215,300
896,N-120,Standard,False,157.1,1.0,2,2,2,0,0,0.127,300
897,N-120,Standard,False,34.2,1.0,2,2,2,0,0,0.113,300
898,N-120,Standard,False,57.9,1.0,2,2,2,0,0,0.121,300
899,N-120,Standard,False,371.0,1.0,2,2,2,0,0,0.128,300
900,N-120A,Standard,False,67.3,1.0,2,2,2,0,0,0.1235,300
901,N-120A,Standard,False,67.3,1.0,2,2,2,0,0,0.1185,300
902,N-120A,Standard,False,92.5,1.0,2,2,2,0,0,0.1175,300
903,N-120A,Standard,False,67.3,1.0,2,2,2,0,0,0.132,300
904,N-120A,Standard,False,42.0,1.0,2,2,2,0,0,0.129,300
905,N-120A,Standard,False,67.3,1.0,2,2,2,0,0,0.12,300
906,N-121,Standard,False,173.5,1.0,2,2,2,0,0,0.1305,300
907,N-121,Standard,False,173.5,1.0,2,2,2,0,0,0.126,300
908,N-121,Standard,False,173.5,1.0,2,2,2,0,0,0.124,300
909,N-122,Standard,False,197.8,1.0,2,2,2,0,0,0.1315,300
910,N-122,Standard,False,36.0,1.0,2,2,2,0,0,0.1295,300
911,N-122,Standard,False,116.6,1.0,2,2,2,0,0,0.117,300
912,N-122,Standard,False,116.6,1.0,2,2,2,0,0,0.129,300
913,N-122,Standard,True,169.3,1.0,4,4,4,0,0,0.1245,600
914,N-122,Standard,False,107.7,1.0,2,2,2,0,0,0.109,300
915,N-122,Standard,False,41.5,1.0,2,2,2,0,0,0.133,300
916,N-122,Standard,False,119.2,1.0,2,2,2,0,0,0.128,300
917,N-122,Standard,False,116.6,1.0,2,2,2,0,0,0.1165,300
918,N-122,Standard,False,196.7,1.0,2,2,2,0,0,0.122,300
919,N-122,Standard,False,14.3,1.0,2,2,2,0,0,0.131,300
920,N-122,Standard,False,116.6,1.0,2,2,2,0,0,0.134,300
921,N-122,Standard,False,90.1,1.0,2,2,2,0,0,0.1125,300
922,N-122,Standard,False,244.6,1.0,2,2,2,0,0,0.118,300
923,N-122,Standard,False,116.6,1.0,2,2,2,0,0,0.116,300
924,N-122,Standard,False,116.6,1.0,2,2,2,0,0,0.1385,300
925,N-122,Standard,True,116.6,1.0,4,4,4,0,0,0.1205,600
926,N-122,Standard,False,116.6,1.0,2,2,2,0,0,0.116,300
927,N-122A,Standard,False,36.0,1.0,2,2,2,0,0,0.129,300
928,N-122A,Standard,False,38.3,1.0,2,2,2,0,0,0.123,300
929,N-122A,Standard,False,33.7,1.0,2,2,2,0,0,0.1325,300
930,N-123,Standard,False,161.1,1.0,2,2,2,0,0,0.1165,300
931,N-123A,Standard,False,66.7,1.0,2,2,2,0,0,0.132,300
932,N-123B,Standard,False,196.8,1.0,2,2,2,0,0,0.134,300
933,N-124,Standard,False,246.1,1.0,2,2,2,0,0,0.138,300
934,N-124,Standard,False,246.1,1.0,2,2,2,0,0,0.13,300
935,N-1A,Standard,False,6.4,1.0,2,2,2,0,0,0.1405,300
936,N-1A,Standard,False,5.2,1.0,2,2,2,0,0,0.119,300
937,N-1A,Standard,False,119.4,1.0,2,2,2,0,0,0.132,300
938,N-1R,Standard,False,318.2,1.0,2,2,2,0,0,0.134,300
939,N-2,Standard,False,24.4,1.0,2,2,2,0,0,0.1335,300
940,N-2,Standard,False,4.2,1.0,2,2,2,0,0,0.1195,300
941,N-2,Standard,False,227.9,1.0,2,2,2,0,0,0.123,300
942,N-2,Standard,False,17.3,1.0,2,2,2,0,0,0.116,300
943,N-2,Standard,False,227.9,1.0,2,2,2,0,0,0.1315,300
944,N-2,Standard,False,26.4,1.0,2,2,2,0,0,0.1325,300
945,N-2,Standard,False,43.0,1.0,2,2,2,0,0,0.1275,300
946,N-2,Standard,False,2.2,1.0,2,2,2,0,0,0.129,300
947,N-2,Standard,False,403.0,1.0,2,2,2,0,0,0.1285,300
948,N-2,Standard,False,197.2,1.0,2,2,2,0,0,0.1315,300
949,N-2,Standard,False,184.3,1.0,2,2,2,0,0,0.1195,300
950,N-2,Standard,True,1592.5,1.0,4,4,4,0,0,0.132,600
951,N-2,Standard,True,227.9,1.0,4,4,4,0,0,0.123,600
952,N-2,Standard,False,706.7,1.0,2,2,2,0,0,0.1235,300
953,N-2,Standard,False,356.1,1.0,2,2,2,0,0,0.137,300
954,N-2,Standard,False,507.7,1.0,2,2,2,0,0,0.1215,300
955,N-2,Standard,False,227.9,1.0,2,2,2,0,0,0.134,300
956,N-2,Standard,False,424.7,1.0,2,2,2,0,0,0.1305,300
957,N-2,Standard,False,623.2,1.0,2,2,2,0,0,0.124,300
958,N-2,Standard,False,227.9,1.0,2,2,2,0,0,0.1315,300
959,N-2,Standard,False,227.9,1.0,2,2,2,0,0,0.1355,300
960,N-2,Standard,False,258.6,1.0,2,2,2,0,0,0.131,300
961,N-204,Standard,False,40.4,1.0,2,2,2,0,0,0.129,300
962,N-211,Standard,False,63.8,1.0,2,2,2,0,0,0.132,300
963,N-211,Standard,False,71.7,1.0,2,2,2,0,0,0.13,300
964,N-211,Standard,False,120.4,1.0,2,2,2,0,0,0.1295,300
965,N-211A,Standard,False,4.5,1.0,2,2,2,0,0,0.1175,300
966,N-211A,Standard,False,4.5,1.0,2,2,2,0,0,0.1255,300
967,N-232A,Standard,False,6.3,1.0,2,2,2,0,0,0.131,300
968,N-232A,Standard,False,6.3,1.0,2,2,2,0,0,0.1275,300
969,N-232B,Standard,False,21.5,1.0,2,2,2,0,0,0.1225,300
970,N-234,Standard,False,190.4,1.0,2,2,2,0,0,0.1365,300
971,N-234,Standard,False,65.8,1.0,2,2,2,0,0,0.1265,300
972,N-234,Standard,False,5.7,1.0,2,2,2,0,0,0.131,300
973,N-234,Standard,False,65.8,1.0,2,2,2,0,0,0.129,300
974,N-234,Standard,False,65.8,1.0,2,2,2,0,0,0.1195,300
975,N-234,Standard,False,29.4,1.0,2,2,2,0,0,0.1225,300
976,N-234,Standard,False,42.9,1.0,2,2,2,0,0,0.1285,300
977,N-234,Standard,False,13.6,1.0,2,2,2,0,0,0.1325,300
978,N-234,Standard,False,102.0,1.0,2,2,2,0,0,0.1255,300
979,N-234,Standard,False,65.8,1.0,2,2,2,0,0,0.112,300
980,N-234,Standard,False,70.4,1.0,2,2,2,0,0,0.1335,300
981,N-234,Standard,False,122.8,1.0,2,2,2,0,0,0.12,300
982,N-234A,Standard,False,3.8,1.0,2,2,2,0,0,0.1215,300
983,N-234A,Standard,False,8.2,1.0,2,2,2,0,0,0.1285,300
984,N-234A,Standard,False,12.6,1.0,2,2,2,0,0,0.1195,300
985,N-235,Standard,False,466.4,1.0,2,2,2,0,0,0.1245,300
986,N-238,Standard,False,161.3,1.0,2,2,2,0,0,0.1175,300
987,N-240,Standard,False,723.0,1.0,2,2,2,0,0,0.129,300
988,N-240,Standard,False,297.7,1.0,2,2,2,0,0,0.1275,300
989,N-240,Standard,False,159.6,1.0,2,2,2,0,0,0.109,300
990,N-240,Standard,False,200.2,1.0,2,2,2,0,0,0.132,300
991,N-240,Standard,False,240.7,1.0,2,2,2,0,0,0.133,300
992,N-240,Standard,False,280.2,1.0,2,2,2,0,0,0.129,300
993,N-240,Standard,False,42.4,1.0,2,2,2,0,0,0.132,300
994,N-320A,Standard,False,8.2,1.0,2,2,2,0,0,0.128,300
995,N-320A,Standard,False,15.2,1.0,2,2,2,0,0,0.13,300
996,N-322,Standard,False,83.5,1.0,2,2,2,0,0,0.1185,300
997,N-322,Standard,True,83.5,1.0,4,4,4,0,0,0.1315,600
998,N-322,Standard,True,32.4,1.0,4,4,4,0,0,0.1335,600
999,N-322,Standard,False,136.9,1.0,2,2,2,0,0,0.1265,300
1000,N-322,Standard,False,200.7,1.0,2,2,2,0,0,0.1245,300
1001,N-322,Standard,False,80.6,1.0,2,2,2,0,0,0.121,300
1002,N-322,Standard,False,83.5,1.0,2,2,2,0,0,0.1225,300
1003,N-322,Standard,True,219.4,1.0,4,4,4,0,0,0.12,600
1004,N-322,Standard,True,447.7,1.0,4,4,4,0,0,0.118,600
1005,N-322,Standard,False,72.5,1.0,2,2,2,0,0,0.121,300
1006,N-322,Standard,False,52.7,1.0,2,2,2,0,0,0.132,300
1007,N-322A,Standard,False,3.6,1.0,2,2,2,0,0,0.1255,300
1008,N-322A,Standard,False,89.9,1.0,2,2,2,0,0,0.1205,300
1009,N-322A,Standard,False,35.3,1.0,2,2,2,0,0,0.1245,300
1010,N-322A,Standard,False,46.4,1.0,2,2,2,0,0,0.136,300
1011,N-322A,Standard,False,5.4,1.0,2,2,2,0,0,0.1285,300
1012,N-323,Standard,False,154.2,1.0,2,2,2,0,0,0.113,300
1013,N-323,Standard,False,154.2,1.0,2,2,2,0,0,0.1265,300
1014,N-323,Standard,False,154.2,1.0,2,2,2,0,0,0.1155,300
1015,N-323,Standard,False,154.2,1.0,2,2,2,0,0,0.1265,300
1016,N-323,Standard,False,58.7,1.0,2,2,2,0,0,0.1185,300
1017,N-330,Standard,False,142.7,1.0,2,2,2,0,0,0.122,300
1018,N-330,Standard,True,222.3,1.0,4,4,4,0,0,0.1225,600
1019,N-330,Standard,True,24.6,1.0,4,4,4,0,0,0.14,600
1020,N-330,Standard,True,74.6,1.0,4,4,4,0,0,0.124,600
1021,N-330,Standard,True,105.9,1.0,4,4,4,0,0,0.1365,600
1022,N-330A,Standard,False,17.1,1.0,2,2,2,0,0,0.125,300
1023,N-330A,Standard,False,12.3,1.0,2,2,2,0,0,0.123,300
1024,N-330A,Standard,False,22.8,1.0,2,2,2,0,0,0.12,300
1025,N-330A,Standard,False,9.2,1.0,2,2,2,0,0,0.124,300
1026,N-330A,Standard,False,8.2,1.0,2,2,2,0,0,0.122,300
1027,N-330A,Standard,False,17.1,1.0,2,2,2,0,0,0.1225,300
1028,N-330A,Standard,False,17.1,1.0,2,2,2,0,0,0.12,300
1029,N-330A,Standard,False,17.1,1.0,2,2,2,0,0,0.133,300
1030,N-330A,Standard,False,0.7,1.0,2,2,2,0,0,0.1295,300
1031,N-330A,Standard,False,35.8,1.0,2,2,2,0,0,0.1315,300
1032,N-330A,Standard,False,161.9,1.0,2,2,2,0,0,0.1385,300
1033,N-330A,Standard,False,17.1,1.0,2,2,2,0,0,0.124,300
1034,N-330A,Standard,False,21.9,1.0,2,2,2,0,0,0.1275,300
1035,N-330B,Standard,False,15.2,1.0,2,2,2,0,0,0.1345,300
1036,N-331,Standard,False,39.7,1.0,2,2,2,0,0,0.143,300
1037,N-331,Standard,False,182.0,1.0,2,2,2,0,0,0.124,300
1038,N-331,Standard,False,75.2,1.0,2,2,2,0,0,0.113,300
1039,N-331,Standard,False,23.0,1.0,2,2,2,0,0,0.1305,300
1040,N-331,Standard,False,17.2,1.0,2,2,2,0,0,0.132,300
1041,N-331,Standard,False,9.6,1.0,2,2,2,0,0,0.143,300
1042,N-331,Standard,False,383.3,1.0,2,2,2,0,0,0.123,300
1043,N-331,Standard,False,54.6,1.0,2,2,2,0,0,0.1345,300
1044,N-331R,Standard,False,94.7,1.0,2,2,2,0,0,0.134,300
1045,N-331R,Standard,False,94.7,1.0,2,2,2,0,0,0.1255,300
1046,N-332,Standard,False,318.2,1.0,2,2,2,0,0,0.1345,300
1047,N-332,Standard,False,997.2,1.0,3,3,3,0,0,0.123,450
1048,N-332,Standard,False,550.6,1.0,2,2,2,0,0,0.137,300
1049,N-332,Standard,False,875.4,1.0,2,2,3,0,1,0.1235,300
1050,N-332,Standard,False,550.6,1.0,2,2,2,0,0,0.131,300
1051,N-332,Standard,False,835.6,1.0,2,2,3,0,1,0.1345,300
1052,N-337,Standard,False,415.6,1.0,2,2,2,0,0,0.1225,300
1053,N-337,Standard,False,16.0,1.0,2,2,2,0,0,0.127,300
1054,N-337A,Standard,False,417.5,1.0,2,2,2,0,0,0.1345,300
1055,N-338,Standard,False,955.0,1.0,3,3,3,0,0,0.136,450
1056,N-338,Standard,True,1006.8,1.0,4,4,4,0,0,0.1295,600
1057,N-339,Standard,False,261.1,1.0,2,2,2,0,0,0.108,300
1058,N-340,Standard,False,132.6,1.0,2,2,2,0,0,0.125,300
1059,N-340,Standard,False,22.2,1.0,2,2,2,0,0,0.126,300
1060,N-340,Standard,False,324.1,1.0,2,2,2,0,0,0.1255,300
1061,N-340,Standard,False,39.4,1.0,2,2,2,0,0,0.127,300
1062,N-340,Standard,False,274.8,1.0,2,2,2,0,0,0.1275,300
1063,N-340,Standard,False,29.5,1.0,2,2,2,0,0,0.123,300
1064,N-340,Standard,False,16.7,1.0,2,2,2,0,0,0.125,300
1065,N-340,Standard,False,169.8,1.0,2,2,2,0,0,0.129,300
1066,N-340,Standard,False,282.7,1.0,2,2,2,0,0,0.123,300
1067,N-340,Standard,False,280.5,1.0,2,2,2,0,0,0.1255,300
1068,N-340,Standard,False,282.7,1.0,2,2,2,0,0,0.134,300
1069,N-340,Standard,False,282.7,1.0,2,2,2,0,0,0.1215,300
1070,N-340,Standard,False,707.4,1.0,2,2,2,0,0,0.12,300
1071,N-340,Standard,False,493.4,1.0,2,2,2,0,0,0.114,300
1072,N-340,Standard,False,282.7,1.0,2,2,2,0,0,0.1365,300
1073,N-340,Standard,False,389.1,1.0,2,2,2,0,0,0.14,300
1074,N-340A,Standard,False,233.8,1.0,2,2,2,0,0,0.1155,300
1075,N-340A,Standard,False,352.8,1.0,2,2,2,0,0,0.131,300
1076,N-340A,Standard,False,233.8,1.0,2,2,2,0,0,0.1195,300
1077,N-340A,Standard,True,999.1,1.0,4,4,4,0,0,0.1285,600
1078,N-340A,Standard,False,233.8,1.0,2,2,2,0,0,0.134,300
1079,N-340A,Standard,False,496.9,1.0,2,2,2,0,0,0.1345,300
1080,N-340A,Standard,False,79.9,1.0,2,2,2,0,0,0.12,300
1081,N-340A,Standard,False,91.8,1.0,2,2,2,0,0,0.126,300
1082,N-340A,Standard,False,59.6,1.0,2,2,2,0,0,0.1305,300
1083,N-340A,Standard,False,233.8,1.0,2,2,2,0,0,0.129,300
1084,N-340A,Standard,False,233.8,1.0,2,2,2,0,0,0.1225,300
1085,N-340A,Standard,False,126.3,1.0,2,2,2,0,0,0.1335,300
1086,N-340A,Standard,False,233.8,1.0,2,2,2,0,0,0.12,300
1087,N-340A,Standard,False,1284.4,1.0,3,3,3,0,0,0.1165,450
1088,N-340A,Standard,False,233.8,1.0,2,2,2,0,0,0.1245,300
1089,N-340A,Standard,False,292.2,1.0,2,2,2,0,0,0.1285,300
1090,N-340A,Standard,False,362.5,1.0,2,2,2,0,0,0.1095,300
1091,N-340A,Standard,False,326.6,1.0,2,2,2,0,0,0.1465,300
1092,N-340A,Standard,False,132.6,1.0,2,2,2,0,0,0.1295,300
1093,N-340A,Standard,False,233.8,1.0,2,2,2,0,0,0.147,300
1094,N-340A,Standard,False,233.8,1.0,2,2,2,0,0,0.1275,300
1095,N-340A,Standard,False,4.5,1.0,2,2,2,0,0,0.133,300
1096,N-340R,Standard,False,446.3,1.0,2,2,2,0,0,0.1155,300
1097,N-341,Standard,True,147.3,1.0,4,4,4,0,0,0.1225,600
1098,N-342,Standard,False,18.9,1.0,2,2,2,0,0,0.119,300
1099,N-343,Standard,False,196.8,1.0,2,2,2,0,0,0.1265,300
1100,N-344,Standard,False,145.9,1.0,2,2,2,0,0,0.1255,300
1101,N-344,Standard,False,64.2,1.0,2,2,2,0,0,0.12,300
1102,N-344,Standard,False,145.9,1.0,2,2,2,0,0,0.1305,300
1103,N-344,Standard,False,355.8,1.0,2,2,2,0,0,0.1265,300
1104,N-345,Standard,False,81.7,1.0,2,2,2,0,0,0.127,300
1105,N-346,Standard,True,94.8,1.0,4,4,4,0,0,0.1225,600
1106,N-403A,Standard,False,60.0,1.0,2,2,2,0,0,0.1285,300
1107,N-420,Standard,False,87.2,1.0,2,2,2,0,0,0.1255,300
1108,N-420,Standard,False,114.1,1.0,2,2,2,0,0,0.131,300
1109,N-420,Standard,False,57.0,1.0,2,2,2,0,0,0.123,300
1110,N-420,Standard,False,47.0,1.0,2,2,2,0,0,0.1255,300
1111,N-420,Standard,False,75.6,1.0,2,2,2,0,0,0.1145,300
1112,N-420,Standard,False,181.5,1.0,2,2,2,0,0,0.1215,300
1113,N-420,Standard,False,81.4,1.0,2,2,2,0,0,0.1255,300
1114,N-420,Standard,False,81.4,1.0,2,2,2,0,0,0.127,300
1115,N-420A,Standard,False,82.5,1.0,2,2,2,0,0,0.1245,300
1116,N-420A,Standard,False,9.2,1.0,2,2,2,0,0,0.1255,300
1117,N-420A,Standard,False,249.6,1.0,2,2,2,0,0,0.1205,300
1118,N-420A,Standard,False,0.6,1.0,2,2,2,0,0,0.1305,300
1119,N-420A,Standard,False,0.3,1.0,2,2,2,0,0,0.13,300
1120,N-420A,Standard,False,2.8,1.0,2,2,2,0,0,0.138,300
1121,N-420A,Standard,False,69.1,1.0,2,2,2,0,0,0.117,300
1122,N-420A,Standard,False,2.5,1.0,2,2,2,0,0,0.1285,300
1123,N-420A,Standard,False,2.6,1.0,2,2,2,0,0,0.1165,300
1124,N-420A,Standard,False,16.1,1.0,2,2,2,0,0,0.125,300
1125,N-420A,Standard,False,9.2,1.0,2,2,2,0,0,0.1225,300
1126,N-420A,Standard,False,150.9,1.0,2,2,2,0,0,0.129,300
1127,N-420A,Standard,False,0.7,1.0,2,2,2,0,0,0.13,300
1128,N-420A,Standard,False,53.8,1.0,2,2,2,0,0,0.1315,300
1129,N-420B,Standard,False,196.8,1.0,2,2,2,0,0,0.124,300
1130,N-430,Standard,False,95.5,1.0,2,2,2,0,0,0.1285,300
1131,N-430,Standard,False,226.6,1.0,2,2,2,0,0,0.125,300
1132,N-430,Standard,False,124.0,1.0,2,2,2,0,0,0.1325,300
1133,N-430,Standard,False,399.6,1.0,2,2,2,0,0,0.1275,300
1134,N-430,Standard,False,95.5,1.0,2,2,2,0,0,0.12,300
1135,N-430,Standard,False,95.5,1.0,2,2,2,0,0,0.118,300
1136,N-430,Standard,False,21.5,1.0,2,2,2,0,0,0.119,300
1137,N-430,Standard,False,67.1,1.0,2,2,2,0,0,0.1355,300
1138,N-430,Standard,False,46.7,1.0,2,2,2,0,0,0.1375,300
1139,N-430A,Standard,False,20.7,1.0,2,2,2,0,0,0.1135,300
1140,N-430A,Standard,False,0.8,1.0,2,2,2,0,0,0.1275,300
1141,N-430A,Standard,False,25.8,1.0,2,2,2,0,0,0.1315,300
1142,N-430A,Standard,False,20.7,1.0,2,2,2,0,0,0.1275,300
1143,N-430A,Standard,False,87.0,1.0,2,2,2,0,0,0.1195,300
1144,N-430A,Standard,False,74.0,1.0,2,2,2,0,0,0.124,300
1145,N-430C,Standard,False,583.8,1.0,2,2,2,0,0,0.132,300
1146,N-430C,Standard,False,583.8,1.0,2,2,2,0,0,0.123,300
1147,N-431,Standard,False,128.3,1.0,2,2,2,0,0,0.127,300
1148,N-431,Standard,False,221.7,1.0,2,2,2,0,0,0.127,300
1149,N-431,Standard,False,383.9,1.0,2,2,2,0,0,0.133,300
1150,N-431,Standard,False,245.8,1.0,2,2,2,0,0,0.1345,300
1151,N-432,Standard,False,576.3,1.0,2,2,2,0,0,0.1175,300
1152,N-432,Standard,False,176.6,1.0,2,2,2,0,0,0.133,300
1153,N-432,Standard,False,430.0,1.0,2,2,2,0,0,0.136,300
1154,N-432,Standard,False,188.7,1.0,2,2,2,0,0,0.1365,300
1155,N-432,Standard,False,191.0,1.0,2,2,2,0,0,0.1365,300
1156,N-432,Standard,False,819.6,1.0,2,2,2,0,0,0.1195,300
1157,N-432A,Standard,False,194.0,1.0,2,2,2,0,0,0.1255,300
1158,N-432A,Standard,False,51.6,1.0,2,2,2,0,0,0.13,300
1159,N-432A,Standard,False,52.3,1.0,2,2,2,0,0,0.136,300
1160,N-432A,Standard,False,105.9,1.0,2,2,2,0,0,0.131,300
1161,N-432A,Standard,False,50.6,1.0,2,2,2,0,0,0.1375,300
1162,N-435A,Standard,False,15.3,1.0,2,2,2,0,0,0.12,300
1163,N-435A,Standard,False,28.6,1.0,2,2,2,0,0,0.116,300
1164,N-435A,Standard,False,2.1,1.0,2,2,2,0,0,0.115,300
1165,N-435A,Standard,False,0.9,1.0,2,2,2,0,0,0.1435,300
1166,N-435A,Standard,False,158.4,1.0,2,2,2,0,0,0.1335,300
1167,N-437,Standard,False,424.3,1.0,2,2,2,0,0,0.145,300
1168,N-442,Standard,False,662.6,1.0,2,2,2,0,0,0.122,300
1169,N-442,Standard,False,260.9,1.0,2,2,2,0,0,0.113,300
1170,N-444,Standard,False,153.2,1.0,2,2,2,0,0,0.1285,300
1171,N-445,Standard,False,212.0,1.0,2,2,2,0,0,0.1275,300
1172,N-446,Standard,False,148.1,1.0,2,2,2,0,0,0.1225,300
1173,N-4A,Standard,False,39.2,1.0,2,2,2,0,0,0.1255,300
1174,N-4A,Standard,False,2.3,1.0,2,2,2,0,0,0.123,300
1175,N-4A,Standard,False,99.4,1.0,2,2,2,0,0,0.134,300
1176,N-5,Standard,False,60.1,1.0,2,2,2,0,0,0.1205,300
1177,N-5,Standard,False,17.7,1.0,2,2,2,0,0,0.124,300
1178,N-5,Standard,False,60.1,1.0,2,2,2,0,0,0.116,300
1179,N-5,Standard,False,60.1,1.0,2,2,2,0,0,0.1295,300
1180,N-5,Standard,False,60.1,1.0,2,2,2,0,0,0.1285,300
1181,N-5,Standard,False,135.6,1.0,2,2,2,0,0,0.1375,300
1182,N-525,Standard,False,854.2,1.0,2,2,2,0,0,0.119,300
1183,N-525,Standard,False,166.3,1.0,2,2,2,0,0,0.118,300
1184,N-6,Standard,False,124.3,1.0,2,2,2,0,0,0.1355,300
1185,N-6,Standard,False,614.0,1.0,2,2,2,0,0,0.125,300
1186,N-6,Standard,False,124.3,1.0,2,2,2,0,0,0.11,300
1187,N-6,Standard,False,124.3,1.0,2,2,2,0,0,0.1305,300
1188,N-601,Standard,False,154.3,1.0,2,2,2,0,0,0.122,300
1189,N-601,Standard,False,1174.3,1.0,3,3,3,0,0,0.137,450
1190,N-601,Standard,False,154.3,1.0,2,2,2,0,0,0.1265,300
1191,N-601,Standard,False,17.8,1.0,2,2,2,0,0,0.137,300
1192,N-601,Standard,False,116.5,1.0,2,2,2,0,0,0.1295,300
1193,N-601,Standard,False,691.6,1.0,2,2,2,0,0,0.1275,300
1194,N-603,Standard,False,181.9,1.0,2,2,2,0,0,0.146,300
1195,N-610,Standard,False,85.6,1.0,2,2,2,0,0,0.128,300
1196,N-610,Standard,False,64.5,1.0,2,2,2,0,0,0.1355,300
1197,N-610A,Standard,False,60.1,1.0,2,2,2,0,0,0.1215,300
1198,N-611,Standard,False,30.7,1.0,2,2,2,0,0,0.12,300
1199,N-611,Standard,False,22.4,1.0,2,2,2,0,0,0.133,300
1200,N-611,Standard,False,35.3,1.0,2,2,2,0,0,0.122,300
1201,N-611,Standard,False,111.8,1.0,2,2,2,0,0,0.142,300
1202,N-611,Standard,False,290.6,1.0,2,2,2,0,0,0.122,300
1203,N-611A,Standard,False,18.2,1.0,2,2,2,0,0,0.1255,300
1204,N-611A,Standard,False,5.3,1.0,2,2,2,0,0,0.1405,300
1205,N-611A,Standard,False,0.9,1.0,2,2,2,0,0,0.127,300
1206,N-620,Standard,False,21.7,1.0,2,2,2,0,0,0.133,300
1207,N-620,Standard,False,156.9,1.0,2,2,2,0,0,0.1225,300
1208,N-620,Standard,False,48.2,1.0,2,2,2,0,0,0.1355,300
1209,N-620,Standard,False,19.9,1.0,2,2,2,0,0,0.1235,300
1210,N-620,Standard,False,12.5,1.0,2,2,2,0,0,0.125,300
1211,N-620,Standard,False,119.6,1.0,2,2,2,0,0,0.133,300
1212,N-620A,Standard,False,55.5,1.0,2,2,2,0,0,0.1245,300
1213,N-620A,Standard,False,72.1,1.0,2,2,2,0,0,0.115,300
1214,N-620A,Standard,False,9.6,1.0,2,2,2,0,0,0.1165,300
1215,N-620A,Standard,False,37.4,1.0,2,2,2,0,0,0.145,300
1216,N-629,Standard,False,245.2,1.0,2,2,2,0,0,0.1245,300
1217,N-629A,Standard,False,30.2,1.0,2,2,2,0,0,0.119,300
1218,N-630,Standard,False,388.5,1.0,2,2,2,0,0,0.1155,300
1219,N-630,Standard,False,141.0,1.0,2,2,2,0,0,0.125,300
1220,N-630,Standard,False,143.0,1.0,2,2,2,0,0,0.1245,300
1221,N-630,Standard,False,94.4,1.0,2,2,2,0,0,0.123,300
1222,N-630,Standard,False,113.5,1.0,2,2,2,0,0,0.1185,300
1223,N-630,Standard,False,106.3,1.0,2,2,2,0,0,0.12,300
1224,N-630,Standard,False,21.7,1.0,2,2,2,0,0,0.1185,300
1225,N-630,Standard,False,46.2,1.0,2,2,2,0,0,0.117,300
1226,N-630,Standard,False,250.0,1.0,2,2,2,0,0,0.1265,300
1227,N-630,Standard,False,106.3,1.0,2,2,2,0,0,0.124,300
1228,N-630,Standard,False,106.3,1.0,2,2,2,0,0,0.1355,300
1229,N-630,Standard,False,737.5,1.0,2,2,2,0,0,0.124,300
1230,N-630,Standard,False,111.2,1.0,2,2,2,0,0,0.122,300
1231,N-630,Standard,False,28.4,1.0,2,2,2,0,0,0.131,300
1232,N-630,Standard,False,120.7,1.0,2,2,2,0,0,0.124,300
1233,N-630,Standard,False,328.0,1.0,2,2,2,0,0,0.1275,300
1234,N-630,Standard,False,44.1,1.0,2,2,2,0,0,0.135,300
1235,N-630,Standard,False,559.4,1.0,2,2,2,0,0,0.135,300
1236,N-630,Standard,False,27.3,1.0,2,2,2,0,0,0.1145,300
1237,N-630,Standard,False,81.5,1.0,2,2,2,0,0,0.1235,300
1238,N-630,Standard,False,101.5,1.0,2,2,2,0,0,0.129,300
1239,N-630,Standard,False,27.6,1.0,2,2,2,0,0,0.131,300
1240,N-630,Standard,False,10.7,1.0,2,2,2,0,0,0.1285,300
1241,N-630,Standard,False,18.6,1.0,2,2,2,0,0,0.1275,300
1242,N-630,Standard,False,54.9,1.0,2,2,2,0,0,0.127,300
1243,N-630,Standard,False,106.3,1.0,2,2,2,0,0,0.126,300
1244,N-630,Standard,False,441.9,1.0,2,2,2,0,0,0.122,300
1245,N-630,Standard,False,1513.4,1.0,4,4,4,0,0,0.113,600
1246,N-630A,Standard,False,490.3,1.0,2,2,2,0,0,0.107,300
1247,N-630A,Standard,False,7.8,1.0,2,2,2,0,0,0.134,300
1248,N-630A,Standard,False,135.8,1.0,2,2,2,0,0,0.132,300
1249,N-630A,Standard,False,4.7,1.0,2,2,2,0,0,0.123,300
1250,N-630A,Standard,False,395.3,1.0,2,2,2,0,0,0.144,300
1251,N-630A,Standard,False,30.5,1.0,2,2,2,0,0,0.131,300
1252,N-630A,Standard,False,83.2,1.0,2,2,2,0,0,0.1275,300
1253,N-631,Standard,False,74.5,1.0,2,2,2,0,0,0.114,300
1254,N-632,Standard,False,122.6,1.0,2,2,2,0,0,0.122,300
1255,N-632,Standard,False,14.7,1.0,2,2,2,0,0,0.1265,300
1256,N-632,Standard,False,265.9,1.0,2,2,2,0,0,0.129,300
1257,N-632,Standard,False,122.6,1.0,2,2,2,0,0,0.12,300
1258,N-632A,Standard,True,6.7,1.0,4,4,4,0,0,0.124,600
1259,N-632A,Standard,False,6.7,1.0,2,2,2,0,0,0.1165,300
1260,N-632A,Standard,False,6.7,1.0,2,2,2,0,0,0.1255,300
1261,N-632A,Standard,False,6.7,1.0,2,2,2,0,0,0.145,300
1262,N-634A,Standard,False,24.6,1.0,2,2,2,0,0,0.1205,300
1263,N-634R,Standard,False,74.8,1.0,2,2,2,0,0,0.1175,300
1264,N-635,Standard,False,183.1,1.0,2,2,2,0,0,0.1265,300
1265,N-636,Standard,True,194.6,1.0,4,4,4,0,0,0.131,600
1266,N-636,Standard,False,194.6,1.0,2,2,2,0,0,0.129,300
1267,N-636,Standard,False,194.6,1.0,2,2,2,0,0,0.119,300
1268,N-636,Standard,False,194.6,1.0,2,2,2,0,0,0.1325,300
1269,N-640,Standard,False,153.5,1.0,2,2,2,0,0,0.145,300
1270,N-640,Standard,False,370.6,1.0,2,2,2,0,0,0.1175,300
1271,N-640,Standard,False,334.0,1.0,2,2,2,0,0,0.1195,300
1272,N-640,Standard,False,421.6,1.0,2,2,2,0,0,0.121,300
1273,N-640,Standard,False,518.7,1.0,2,2,2,0,0,0.1365,300
1274,N-640,Standard,False,112.2,1.0,2,2,2,0,0,0.1195,300
1275,N-640,Standard,False,185.6,1.0,2,2,2,0,0,0.1405,300
1276,N-640,Standard,False,334.0,1.0,2,2,2,0,0,0.128,300
1277,N-640A,Standard,False,370.3,1.0,2,2,2,0,0,0.1205,300
1278,N-641,Standard,True,196.8,1.0,4,4,4,0,0,0.1255,600
1279,N-641,Standard,True,196.8,1.0,4,4,4,0,0,0.142,600
1280,N-642,Standard,False,76.4,1.0,2,2,2,0,0,0.1355,300
1281,N-642,Standard,True,286.8,1.0,4,4,4,0,0,0.121,600
1282,N-643,Standard,False,50.7,1.0,2,2,2,0,0,0.127,300
1283,N-651,Standard,False,352.7,1.0,2,2,2,0,0,0.1175,300
1284,N-651,Standard,False,341.2,1.0,2,2,2,0,0,0.132,300
1285,N-651,Standard,False,329.6,1.0,2,2,2,0,0,0.1265,300
1286,AP-8,Standard,True,196.8,1.0,4,4,4,0,0,0.13,600
1287,AP-8,Standard,True,196.8,1.0,4,4,4,0,0,0.1235,600
1288,AP-8,Standard,True,196.8,1.0,4,4,4,0,0,0.12,600
1289,AP-8,Standard,True,196.8,1.0,4,4,4,0,0,0.132,600
1290,AP-8,Standard,True,196.8,1.0,4,4,4,0,0,0.1305,600
1291,AP-8,Standard,True,196.8,1.0,4,4,4,0,0,0.1225,600
1292,AP-8,Standard,True,196.8,1.0,4,4,4,0,0,0.117,600
1293,N-624,Standard,True,196.8,1.0,4,4,4,0,0,0.12,600
1294,N-638,Standard,True,196.8,1.0,4,4,4,0,0,0.12,600
