;;;;GASTOS DE PRESTACIONES POR DESEMPLEO (miles de euros) POR PROVINCIA Y TIPO DE PRESTACIÓN;;;;;;
Código mes ;mes;Código de CA;Comunidad Autónoma;Codigo Provincia;Provincia;Gasto Total Prestación;Gasto Prestación Contributiva;Gasto Subsidio Desempleo;Gasto Renta Activa Inserción;Gasto Subsidio Eventuales Agrarios
201601;Enero de 2016;1;Andalucía;4;Almería;24944,98;13193,45;7892,25;2125,94;1419,63
201601;Enero de 2016;1;Andalucía;11;Cádiz;57613,44;28658,3;19017,02;5199,53;3837,58
201601;Enero de 2016;1;Andalucía;14;Córdoba;36446,25;13749,4;12020,27;2253,08;8129,15
201601;Enero de 2016;1;Andalucía;18;Granada;40183,82;18317,25;13303,81;2811,43;5350,43
201601;Enero de 2016;1;Andalucía;21;Huelva;28809,13;14384,65;9023,49;1665,63;3519,72
201601;Enero de 2016;1;Andalucía;23;Jaén;25065,93;9317,18;7884,02;1542,99;6106,35
201601;Enero de 2016;1;Andalucía;29;Málaga;69119,63;39455,68;20436,77;4969,3;3685,61
201601;Enero de 2016;1;Andalucía;41;Sevilla;91250,83;41942,83;29586,81;6425,93;12312,37
201601;Enero de 2016;2;Aragón;22;Huesca;6544,53;5008,52;1289,44;223,47;0
201601;Enero de 2016;2;Aragón;44;Teruel;4172,12;3030,69;954,51;167,6;0
201601;Enero de 2016;2;Aragón;50;Zaragoza;30616,5;22956,26;6176,43;1383,57;0
201601;Enero de 2016;3;Asturias, Principado de;33;Asturias;34998,68;24010,5;8946,61;1959,61;0
201601;Enero de 2016;4;Balears, Illes;7;Balears, Illes;85662,93;66387,43;17967,64;1254,38;0
201601;Enero de 2016;5;Canarias;35;Palmas, Las;43912,68;25892,29;13134,79;4354,65;0
201601;Enero de 2016;5;Canarias;38;Santa Cruz de Tenerife;40527,37;22330,54;13628,76;4113,57;0
201601;Enero de 2016;6;Cantabria;39;Cantabria;21104,25;14704,82;5406,19;939,88;0
201601;Enero de 2016;7;Castilla y León;5;Ávila;5234,03;3171,44;1645,95;361,19;0
201601;Enero de 2016;7;Castilla y León;9;Burgos;12875;9315,9;2998,41;511,44;0
201601;Enero de 2016;7;Castilla y León;24;León;15635,54;10595,9;4178,38;808,02;0
201601;Enero de 2016;7;Castilla y León;34;Palencia;5026,41;3541,13;1238,71;225,87;0
201601;Enero de 2016;7;Castilla y León;37;Salamanca;10766,04;6878,53;3127,36;671,93;0
201601;Enero de 2016;7;Castilla y León;40;Segovia;4381,42;3154,29;1031,09;179,21;0
201601;Enero de 2016;7;Castilla y León;42;Soria;2558,36;1855,3;598,74;100,71;0
201601;Enero de 2016;7;Castilla y León;47;Valladolid;15364,82;10992,42;3506,43;800,47;0
201601;Enero de 2016;7;Castilla y León;49;Zamora;5636,24;3534,01;1727,4;341,97;0
201601;Enero de 2016;8;Castilla - La Mancha;2;Albacete;13731,71;8043,47;4206,96;1317,26;0
201601;Enero de 2016;8;Castilla - La Mancha;13;Ciudad Real;18395,97;10098,76;6140,83;1818,07;0
201601;Enero de 2016;8;Castilla - La Mancha;16;Cuenca;6141,94;3726,6;1826,06;528,01;0
201601;Enero de 2016;8;Castilla - La Mancha;19;Guadalajara;8822,12;6341,91;1956,33;478,45;0
201601;Enero de 2016;8;Castilla - La Mancha;45;Toledo;24837,79;14479,99;7869,44;2191,31;0
201601;Enero de 2016;9;Cataluña;8;Barcelona;195724,73;141319,92;45531,94;8365,81;0
201601;Enero de 2016;9;Cataluña;17;Girona;32634,46;23525,91;7927,79;1110,3;0
201601;Enero de 2016;9;Cataluña;25;Lleida;13595,74;9720,86;3165,51;649,19;0
201601;Enero de 2016;9;Cataluña;43;Tarragona;34419,43;23757,81;8841,18;1680,41;0
201601;Enero de 2016;10;Comunitat Valenciana;3;Alicante/Alacant;62859,37;37042,93;19562,42;5617,43;0
201601;Enero de 2016;10;Comunitat Valenciana;12;Castellón/Castelló;19898;12518,14;5783,82;1465,63;0
201601;Enero de 2016;10;Comunitat Valenciana;46;Valencia/Valéncia;88107,53;56103,06;24355,53;6916,6;0
201601;Enero de 2016;11;Extremadura;6;Badajoz;34732,62;15507,46;12112,98;2295;4496,28
201601;Enero de 2016;11;Extremadura;10;Cáceres;20277,03;9556,23;6798,95;1076,1;2735,13
201601;Enero de 2016;12;Galicia;15;Coruña, A;40391,33;28510,28;9777,67;1977,28;0
201601;Enero de 2016;12;Galicia;27;Lugo;9809,93;6532,76;2716,78;518,59;0
201601;Enero de 2016;12;Galicia;32;Ourense;10153,77;6320,11;3217,4;569,49;0
201601;Enero de 2016;12;Galicia;36;Pontevedra;36862,33;23638,52;11007,16;2036,76;0
201601;Enero de 2016;13;Madrid, Comunidad de;28;Madrid;211393,13;164522,37;38241,49;8130,08;0
201601;Enero de 2016;14;Murcia, Región de;30;Murcia;49045,08;32391,91;12016,37;4112,06;0
201601;Enero de 2016;15;Navarra, Comunidad Foral de;31;Navarra;22071,11;17139,96;4260,01;653,08;0
201601;Enero de 2016;16;País Vasco;1;Araba/Álava;10369,52;8295,35;1853,49;211,99;0
201601;Enero de 2016;16;País Vasco;20;Gipuzkoa;20584,23;16607,81;3579,97;387,42;0
201601;Enero de 2016;16;País Vasco;48;Bizkaia;34345,07;27162,76;6340,67;827,74;0
201601;Enero de 2016;17;Rioja, La;26;Rioja, La;10282,98;7685,49;2130,77;436,83;0
201601;Enero de 2016;18;Ceuta;51;Ceuta;2443,28;1026,57;865,85;373,2;0
201601;Enero de 2016;19;Melilla;52;Melilla;2126,4;1002,46;825,1;254,92;0
201602;Febrero de 2016;1;Andalucía;4;Almería;24252,54;12742,57;7734,81;2112,77;1350,94
201602;Febrero de 2016;1;Andalucía;11;Cádiz;54255,28;26043,34;18613,01;5113,59;3636,44
201602;Febrero de 2016;1;Andalucía;14;Córdoba;36611,4;14068,12;12065,81;2333,98;7866,69
201602;Febrero de 2016;1;Andalucía;18;Granada;39626,53;17843,1;13319,52;2866,08;5215,23
201602;Febrero de 2016;1;Andalucía;21;Huelva;25239,78;11582,36;8390,01;1672,63;3382,29
201602;Febrero de 2016;1;Andalucía;23;Jaén;28636,39;11609;9009,78;1734,58;6048,25
201602;Febrero de 2016;1;Andalucía;29;Málaga;65666,77;36439,17;20163,38;4894,74;3625,22
201602;Febrero de 2016;1;Andalucía;41;Sevilla;89819,68;40592,66;29603,35;6452,35;12266,82
201602;Febrero de 2016;2;Aragón;22;Huesca;6241,75;4704,05;1283,58;232,62;0
201602;Febrero de 2016;2;Aragón;44;Teruel;3946,28;2838,46;920,97;166,91;0
201602;Febrero de 2016;2;Aragón;50;Zaragoza;28474,98;20874,93;6113,58;1389,91;0
201602;Febrero de 2016;3;Asturias, Principado de;33;Asturias;34492,88;23554,74;8895,4;1961,89;0
201602;Febrero de 2016;4;Balears, Illes;7;Balears, Illes;73134,54;54875,98;16953,57;1253,74;0
201602;Febrero de 2016;5;Canarias;35;Palmas, Las;43213,42;25251,41;13114,66;4340,72;0
201602;Febrero de 2016;5;Canarias;38;Santa Cruz de Tenerife;40101,43;22059,04;13543,43;4055,65;0
201602;Febrero de 2016;6;Cantabria;39;Cantabria;20583,13;14268,01;5317,53;946,04;0
201602;Febrero de 2016;7;Castilla y León;5;Ávila;5029,21;3000,62;1617,12;362,37;0
201602;Febrero de 2016;7;Castilla y León;9;Burgos;12365,28;8836,4;2969,55;509,96;0
201602;Febrero de 2016;7;Castilla y León;24;León;15302,94;10327,38;4126,35;802,49;0
201602;Febrero de 2016;7;Castilla y León;34;Palencia;4943,86;3445,52;1250,88;228,63;0
201602;Febrero de 2016;7;Castilla y León;37;Salamanca;10118,15;6302,81;3073,84;666,54;0
201602;Febrero de 2016;7;Castilla y León;40;Segovia;4300,79;3049,34;1056,17;182,36;0
201602;Febrero de 2016;7;Castilla y León;42;Soria;2448,75;1762,08;585,33;98,54;0
201602;Febrero de 2016;7;Castilla y León;47;Valladolid;15229,63;10897,14;3462,65;811,61;0
201602;Febrero de 2016;7;Castilla y León;49;Zamora;5423,1;3306,69;1735,29;356,26;0
201602;Febrero de 2016;8;Castilla - La Mancha;2;Albacete;13602,6;7872,49;4245,76;1326,45;0
201602;Febrero de 2016;8;Castilla - La Mancha;13;Ciudad Real;17679,19;9424,47;6078,37;1853,24;0
201602;Febrero de 2016;8;Castilla - La Mancha;16;Cuenca;6243,59;3835,75;1808,8;541,08;0
201602;Febrero de 2016;8;Castilla - La Mancha;19;Guadalajara;8618,4;6128,73;1969,4;471,98;0
201602;Febrero de 2016;8;Castilla - La Mancha;45;Toledo;24419,39;14069,39;7814,04;2244,04;0
201602;Febrero de 2016;9;Cataluña;8;Barcelona;187918,66;134373,11;44714,83;8348,47;0
201602;Febrero de 2016;9;Cataluña;17;Girona;29797,9;20985,23;7637,26;1111,46;0
201602;Febrero de 2016;9;Cataluña;25;Lleida;12798,29;9016,12;3091,82;634,97;0
201602;Febrero de 2016;9;Cataluña;43;Tarragona;32796,28;22211,8;8761,85;1683,29;0
201602;Febrero de 2016;10;Comunitat Valenciana;3;Alicante/Alacant;61156,74;35513,99;19376,85;5660,5;0
201602;Febrero de 2016;10;Comunitat Valenciana;12;Castellón/Castelló;19562,56;11904,8;6052,95;1483,67;0
201602;Febrero de 2016;10;Comunitat Valenciana;46;Valencia/Valéncia;87292,91;54839,57;24700,84;7059,48;0
201602;Febrero de 2016;11;Extremadura;6;Badajoz;34056,85;14989,65;12029,09;2297,14;4430,78
201602;Febrero de 2016;11;Extremadura;10;Cáceres;19711,53;9033,51;6785,69;1087,96;2702,44
201602;Febrero de 2016;12;Galicia;15;Coruña, A;37310,38;25584,73;9645,85;1954,95;0
201602;Febrero de 2016;12;Galicia;27;Lugo;9777,11;6469,88;2734,11;534,35;0
201602;Febrero de 2016;12;Galicia;32;Ourense;9696,82;5864,78;3223,71;564,96;0
201602;Febrero de 2016;12;Galicia;36;Pontevedra;35179,85;22022,96;10914,89;2068,75;0
201602;Febrero de 2016;13;Madrid, Comunidad de;28;Madrid;209838,73;162817,81;38377,85;8173,91;0
201602;Febrero de 2016;14;Murcia, Región de;30;Murcia;46926,66;30684,86;11626,94;4113,69;0
201602;Febrero de 2016;15;Navarra, Comunidad Foral de;31;Navarra;21165,07;16272,43;4208,09;668,96;0
201602;Febrero de 2016;16;País Vasco;1;Araba/Álava;9821,49;7751,08;1837,12;223,65;0
201602;Febrero de 2016;16;País Vasco;20;Gipuzkoa;20071,54;16122,29;3550,88;388,71;0
201602;Febrero de 2016;16;País Vasco;48;Bizkaia;33526,04;26365,26;6319,61;828,09;0
201602;Febrero de 2016;17;Rioja, La;26;Rioja, La;9836,45;7225,29;2142,86;441,33;0
201602;Febrero de 2016;18;Ceuta;51;Ceuta;2427,05;1049,46;852,92;362,85;0
201602;Febrero de 2016;19;Melilla;52;Melilla;2301,4;1112,91;880,95;256,6;0
201603;Marzo de 2016;1;Andalucía;4;Almería;23532,38;12129,44;7653,52;2101;1332,56
201603;Marzo de 2016;1;Andalucía;11;Cádiz;50890,57;23208,42;18052,92;5131,41;3610,93
201603;Marzo de 2016;1;Andalucía;14;Córdoba;37225,5;13823,78;12675,34;2344,24;8077,19
201603;Marzo de 2016;1;Andalucía;18;Granada;38532,82;16648,6;13368,14;2884,92;5202,73
201603;Marzo de 2016;1;Andalucía;21;Huelva;22560,35;9907,18;7684,43;1657,01;3087,06
201603;Marzo de 2016;1;Andalucía;23;Jaén;30552,02;11869,74;10091,9;1789;6543,82
201603;Marzo de 2016;1;Andalucía;29;Málaga;60767,4;31678,94;19954,82;4868,85;3673,8
201603;Marzo de 2016;1;Andalucía;41;Sevilla;87432,69;38348,96;29527,21;6456,06;12138,53
201603;Marzo de 2016;2;Aragón;22;Huesca;5817,72;4322,21;1241,03;232,2;0
201603;Marzo de 2016;2;Aragón;44;Teruel;3577,2;2506,23;886,2;164,12;0
201603;Marzo de 2016;2;Aragón;50;Zaragoza;27392,65;19845,67;6078,06;1368,57;0
201603;Marzo de 2016;3;Asturias, Principado de;33;Asturias;32921,64;22121,52;8772,49;1948,77;0
201603;Marzo de 2016;4;Balears, Illes;7;Balears, Illes;50374,15;33935,04;15162,73;1223,75;0
201603;Marzo de 2016;5;Canarias;35;Palmas, Las;42290,9;24477,95;12933;4364,7;0
201603;Marzo de 2016;5;Canarias;38;Santa Cruz de Tenerife;39348,24;21337,07;13536,58;4015,99;0
201603;Marzo de 2016;6;Cantabria;39;Cantabria;18790,71;12739,66;5057,83;938,39;0
201603;Marzo de 2016;7;Castilla y León;5;Ávila;4925,46;2821,67;1696,15;363,58;0
201603;Marzo de 2016;7;Castilla y León;9;Burgos;11865,87;8386,45;2918,4;509,59;0
201603;Marzo de 2016;7;Castilla y León;24;León;14506,91;9594,58;4054,32;812,03;0
201603;Marzo de 2016;7;Castilla y León;34;Palencia;4725,06;3248,43;1231,35;228,74;0
201603;Marzo de 2016;7;Castilla y León;37;Salamanca;9577,76;5788,37;3058,48;665,5;0
201603;Marzo de 2016;7;Castilla y León;40;Segovia;3899,63;2707,7;997,37;184,15;0
201603;Marzo de 2016;7;Castilla y León;42;Soria;2253,33;1579,75;568,05;101,3;0
201603;Marzo de 2016;7;Castilla y León;47;Valladolid;14273,01;9977,32;3424,79;811,5;0
201603;Marzo de 2016;7;Castilla y León;49;Zamora;5151,78;3084,93;1687,56;355,01;0
201603;Marzo de 2016;8;Castilla - La Mancha;2;Albacete;13048,42;7415,08;4136,22;1330,24;0
201603;Marzo de 2016;8;Castilla - La Mancha;13;Ciudad Real;17423,47;9173,59;6059,42;1839,63;0
201603;Marzo de 2016;8;Castilla - La Mancha;16;Cuenca;5967,56;3621,42;1753,2;538,99;0
201603;Marzo de 2016;8;Castilla - La Mancha;19;Guadalajara;8447,69;5922,47;2002,68;469,89;0
201603;Marzo de 2016;8;Castilla - La Mancha;45;Toledo;23309,71;13177,27;7595,08;2232,09;0
201603;Marzo de 2016;9;Cataluña;8;Barcelona;179400,45;126908,35;43656,67;8337,81;0
201603;Marzo de 2016;9;Cataluña;17;Girona;24637,48;16686,52;6767,47;1116,77;0
201603;Marzo de 2016;9;Cataluña;25;Lleida;11966,88;8277,62;2992,71;638,81;0
201603;Marzo de 2016;9;Cataluña;43;Tarragona;27724,96;17866,51;8044,54;1673,34;0
201603;Marzo de 2016;10;Comunitat Valenciana;3;Alicante/Alacant;57365,76;32248,51;18834,87;5659,56;0
201603;Marzo de 2016;10;Comunitat Valenciana;12;Castellón/Castelló;18468,84;10798,65;6064,03;1478,1;0
201603;Marzo de 2016;10;Comunitat Valenciana;46;Valencia/Valéncia;84468,1;52329,81;24400,49;7030,82;0
201603;Marzo de 2016;11;Extremadura;6;Badajoz;32306,98;13519,29;11795,01;2299,94;4376,37
201603;Marzo de 2016;11;Extremadura;10;Cáceres;18669,61;8080,1;6722,39;1090,65;2668,59
201603;Marzo de 2016;12;Galicia;15;Coruña, A;35177,43;23693,78;9402,32;1954,08;0
201603;Marzo de 2016;12;Galicia;27;Lugo;9001,62;5747;2685,32;530,42;0
201603;Marzo de 2016;12;Galicia;32;Ourense;9125,55;5309,77;3194,01;572,85;0
201603;Marzo de 2016;12;Galicia;36;Pontevedra;33268,94;20407,68;10637,07;2051,67;0
201603;Marzo de 2016;13;Madrid, Comunidad de;28;Madrid;202422,88;156230,56;37578,12;8116,22;0
201603;Marzo de 2016;14;Murcia, Región de;30;Murcia;44606,27;28673,94;11307,04;4102,4;0
201603;Marzo de 2016;15;Navarra, Comunidad Foral de;31;Navarra;20052,93;15271,46;4115,12;650,72;0
201603;Marzo de 2016;16;País Vasco;1;Araba/Álava;9541,38;7504,29;1798,69;228,79;0
201603;Marzo de 2016;16;País Vasco;20;Gipuzkoa;18834,78;14963,09;3472,94;389,78;0
201603;Marzo de 2016;16;País Vasco;48;Bizkaia;32249,31;25176,85;6214,48;846,42;0
201603;Marzo de 2016;17;Rioja, La;26;Rioja, La;9269,59;6703,16;2095,82;441,45;0
201603;Marzo de 2016;18;Ceuta;51;Ceuta;2390,98;1045,61;851,57;335,51;0
201603;Marzo de 2016;19;Melilla;52;Melilla;2111,95;970,98;820,28;261,06;0
201604;Abril de 2016;1;Andalucía;4;Almería;24153,73;12602,14;7817,55;2119,69;1297,22
201604;Abril de 2016;1;Andalucía;11;Cádiz;47673,22;20629,18;17437,58;5114,3;3568,34
201604;Abril de 2016;1;Andalucía;14;Córdoba;37522,66;13353,63;13317,4;2349,54;8169,87
201604;Abril de 2016;1;Andalucía;18;Granada;37487,09;15728,68;13255,49;2873,28;5196,67
201604;Abril de 2016;1;Andalucía;21;Huelva;20776,39;8968,33;7096,09;1628,98;2857,46
201604;Abril de 2016;1;Andalucía;23;Jaén;30206,88;10952,17;10607,9;1794,58;6584,25
201604;Abril de 2016;1;Andalucía;29;Málaga;57695,92;28821,65;19593,34;4863,71;3767,7
201604;Abril de 2016;1;Andalucía;41;Sevilla;84601,23;36144,75;28873,84;6456,99;12118,92
201604;Abril de 2016;2;Aragón;22;Huesca;5787,93;4300,12;1228,11;238,22;0
201604;Abril de 2016;2;Aragón;44;Teruel;3409,16;2340,88;876,15;172,05;0
201604;Abril de 2016;2;Aragón;50;Zaragoza;27204,06;19788,62;5942,05;1374,17;0
201604;Abril de 2016;3;Asturias, Principado de;33;Asturias;31555,14;20999,91;8551,54;1924,74;0
201604;Abril de 2016;4;Balears, Illes;7;Balears, Illes;36142,82;22890,86;11990,51;1205,12;0
201604;Abril de 2016;5;Canarias;35;Palmas, Las;42374,34;24805,32;12727,31;4337,98;0
201604;Abril de 2016;5;Canarias;38;Santa Cruz de Tenerife;38650,87;20897,58;13267,52;4021,79;0
201604;Abril de 2016;6;Cantabria;39;Cantabria;17686,96;11905,99;4807,85;924,46;0
201604;Abril de 2016;7;Castilla y León;5;Ávila;4645,1;2661,69;1584,6;361,07;0
201604;Abril de 2016;7;Castilla y León;9;Burgos;11432;8028,88;2837,46;514,26;0
201604;Abril de 2016;7;Castilla y León;24;León;13865,1;9090,31;3934,45;794,5;0
201604;Abril de 2016;7;Castilla y León;34;Palencia;4486,33;3080,55;1164,26;224,11;0
201604;Abril de 2016;7;Castilla y León;37;Salamanca;9176,53;5489,55;2939,6;682,99;0
201604;Abril de 2016;7;Castilla y León;40;Segovia;3646,29;2490,48;962,11;186,29;0
201604;Abril de 2016;7;Castilla y León;42;Soria;2233,23;1578,2;545,29;105,05;0
201604;Abril de 2016;7;Castilla y León;47;Valladolid;13823,01;9617,42;3323,83;822,63;0
201604;Abril de 2016;7;Castilla y León;49;Zamora;4912,38;2892,35;1631,57;361,34;0
201604;Abril de 2016;8;Castilla - La Mancha;2;Albacete;12786,12;7335,91;3978,97;1302,39;0
201604;Abril de 2016;8;Castilla - La Mancha;13;Ciudad Real;16816,33;8741,56;5899,82;1808,78;0
201604;Abril de 2016;8;Castilla - La Mancha;16;Cuenca;5656,84;3378,63;1703,14;522,23;0
201604;Abril de 2016;8;Castilla - La Mancha;19;Guadalajara;7910,68;5520,86;1889,86;447,05;0
201604;Abril de 2016;8;Castilla - La Mancha;45;Toledo;22653,62;12785,64;7374,53;2182,52;0
201604;Abril de 2016;9;Cataluña;8;Barcelona;173514,07;122451,68;42274,71;8282,64;0
201604;Abril de 2016;9;Cataluña;17;Girona;21732,89;14664,35;5907,35;1103,54;0
201604;Abril de 2016;9;Cataluña;25;Lleida;11848,67;8225,31;2902,84;654,9;0
201604;Abril de 2016;9;Cataluña;43;Tarragona;24694,9;15492,16;7403,08;1650,69;0
201604;Abril de 2016;10;Comunitat Valenciana;3;Alicante/Alacant;56588,72;31799,47;18568,6;5593,67;0
201604;Abril de 2016;10;Comunitat Valenciana;12;Castellón/Castelló;19059;11098,82;6339,88;1483,99;0
201604;Abril de 2016;10;Comunitat Valenciana;46;Valencia/Valéncia;84975,94;52805,5;24416,39;7032,54;0
201604;Abril de 2016;11;Extremadura;6;Badajoz;30851,63;12620,05;11360,57;2258,34;4280,41
201604;Abril de 2016;11;Extremadura;10;Cáceres;18064,74;7537,36;6640,14;1081,61;2696,46
201604;Abril de 2016;12;Galicia;15;Coruña, A;34180,37;22809,42;9339,1;1899,07;0
201604;Abril de 2016;12;Galicia;27;Lugo;8519,49;5317,14;2616,65;537,02;0
201604;Abril de 2016;12;Galicia;32;Ourense;8797,52;5038,68;3146;560,71;0
201604;Abril de 2016;12;Galicia;36;Pontevedra;32497,09;19862,64;10407,61;2047,83;0
201604;Abril de 2016;13;Madrid, Comunidad de;28;Madrid;198346,48;152822,32;36892,1;8102,61;0
201604;Abril de 2016;14;Murcia, Región de;30;Murcia;42423,46;27040,03;10804,55;4056,08;0
201604;Abril de 2016;15;Navarra, Comunidad Foral de;31;Navarra;18894,17;14260,16;3989,77;627,02;0
201604;Abril de 2016;16;País Vasco;1;Araba/Álava;9218,27;7220,83;1754,44;232,25;0
201604;Abril de 2016;16;País Vasco;20;Gipuzkoa;18246,03;14406,7;3446,09;386,4;0
201604;Abril de 2016;16;País Vasco;48;Bizkaia;31344,32;24401,78;6099,28;831,84;0
201604;Abril de 2016;17;Rioja, La;26;Rioja, La;8902,58;6384,95;2056,31;431,19;0
201604;Abril de 2016;18;Ceuta;51;Ceuta;2374,73;1034,96;841,4;345,75;0
201604;Abril de 2016;19;Melilla;52;Melilla;2085,88;960,26;803,55;258,01;0
201605;Mayo de 2016;1;Andalucía;4;Almería;25456,4;13856,06;7874,16;2115,51;1293,02
201605;Mayo de 2016;1;Andalucía;11;Cádiz;45462,01;19208,44;16677,4;5109,49;3521,73
201605;Mayo de 2016;1;Andalucía;14;Córdoba;37652,15;13188,06;13521,53;2398,67;8175,53
201605;Mayo de 2016;1;Andalucía;18;Granada;36638,09;15042,26;13102,67;2866,94;5179,21
201605;Mayo de 2016;1;Andalucía;21;Huelva;20306,32;9178,38;6638,17;1624,7;2643,69
201605;Mayo de 2016;1;Andalucía;23;Jaén;30592,49;10645,99;11054,91;1798,12;6805,94
201605;Mayo de 2016;1;Andalucía;29;Málaga;55706,38;27145,7;19116,52;4883,43;3871,21
201605;Mayo de 2016;1;Andalucía;41;Sevilla;83365,25;35481,61;28477,37;6441,23;11925,47
201605;Mayo de 2016;2;Aragón;22;Huesca;5765,23;4349,06;1177,73;218,8;0
201605;Mayo de 2016;2;Aragón;44;Teruel;3186,24;2158,77;835,3;175,14;0
201605;Mayo de 2016;2;Aragón;50;Zaragoza;26256,73;19006,1;5806,08;1345,69;0
201605;Mayo de 2016;3;Asturias, Principado de;33;Asturias;30107,92;19857,88;8280,94;1887,94;0
201605;Mayo de 2016;4;Balears, Illes;7;Balears, Illes;24782,65;16745,96;6829,27;1153,18;0
201605;Mayo de 2016;5;Canarias;35;Palmas, Las;43070,96;25595,26;12709,66;4261,93;0
201605;Mayo de 2016;5;Canarias;38;Santa Cruz de Tenerife;38654,47;21063,71;13134,29;3987,39;0
201605;Mayo de 2016;6;Cantabria;39;Cantabria;16637,62;11092,95;4581,49;912,8;0
201605;Mayo de 2016;7;Castilla y León;5;Ávila;4342,07;2387,66;1562,37;355,65;0
201605;Mayo de 2016;7;Castilla y León;9;Burgos;10708,25;7424,06;2726,16;506,48;0
201605;Mayo de 2016;7;Castilla y León;24;León;13311,05;8790,28;3704,25;767,73;0
201605;Mayo de 2016;7;Castilla y León;34;Palencia;4120,67;2760,67;1125,21;219,88;0
201605;Mayo de 2016;7;Castilla y León;37;Salamanca;8863,42;5336,69;2803,45;663,2;0
201605;Mayo de 2016;7;Castilla y León;40;Segovia;3343,96;2235,91;910,59;189,92;0
201605;Mayo de 2016;7;Castilla y León;42;Soria;1950,13;1357,56;489,09;98,38;0
201605;Mayo de 2016;7;Castilla y León;47;Valladolid;13218,22;9213,61;3145,25;803,74;0
201605;Mayo de 2016;7;Castilla y León;49;Zamora;4719,31;2790,33;1553,17;347,62;0
201605;Mayo de 2016;8;Castilla - La Mancha;2;Albacete;11841,24;6631,37;3796,9;1257,18;0
201605;Mayo de 2016;8;Castilla - La Mancha;13;Ciudad Real;15836,8;8060,48;5617,04;1797,61;0
201605;Mayo de 2016;8;Castilla - La Mancha;16;Cuenca;5461,07;3259,24;1643,15;505,59;0
201605;Mayo de 2016;8;Castilla - La Mancha;19;Guadalajara;7709,44;5439,35;1796,79;425,3;0
201605;Mayo de 2016;8;Castilla - La Mancha;45;Toledo;21529,13;11979,24;7103,42;2141,37;0
201605;Mayo de 2016;9;Cataluña;8;Barcelona;168102,36;118459,07;41050,09;8097,73;0
201605;Mayo de 2016;9;Cataluña;17;Girona;20185,47;13662,8;5377,28;1087,84;0
201605;Mayo de 2016;9;Cataluña;25;Lleida;11233,16;7748,73;2775,8;645,31;0
201605;Mayo de 2016;9;Cataluña;43;Tarragona;23235,07;14697,85;6763,12;1633,05;0
201605;Mayo de 2016;10;Comunitat Valenciana;3;Alicante/Alacant;55496,51;31014,55;18240,71;5623,68;0
201605;Mayo de 2016;10;Comunitat Valenciana;12;Castellón/Castelló;19225,43;11338,43;6302,7;1451,36;0
201605;Mayo de 2016;10;Comunitat Valenciana;46;Valencia/Valéncia;84725,37;52770,42;24237,78;6993,15;0
201605;Mayo de 2016;11;Extremadura;6;Badajoz;28519,03;11223,74;10677,04;2205,34;4080,04
201605;Mayo de 2016;11;Extremadura;10;Cáceres;16650,48;6730,19;6257,74;1080,36;2471,4
201605;Mayo de 2016;12;Galicia;15;Coruña, A;32716,78;21600,49;9077,61;1905,06;0
201605;Mayo de 2016;12;Galicia;27;Lugo;8371,55;5241,14;2546,02;538,59;0
201605;Mayo de 2016;12;Galicia;32;Ourense;8749,27;5063,99;3082,42;551,38;0
201605;Mayo de 2016;12;Galicia;36;Pontevedra;31172,66;18940,44;10031,15;2017,44;0
201605;Mayo de 2016;13;Madrid, Comunidad de;28;Madrid;192376,43;147808,4;35978,45;8071,46;0
201605;Mayo de 2016;14;Murcia, Región de;30;Murcia;41548,5;26631,9;10406,79;4000,1;0
201605;Mayo de 2016;15;Navarra, Comunidad Foral de;31;Navarra;17861,91;13448,84;3783,54;611,79;0
201605;Mayo de 2016;16;País Vasco;1;Araba/Álava;8813,21;6846,44;1735,83;220,49;0
201605;Mayo de 2016;16;País Vasco;20;Gipuzkoa;17327,68;13608,11;3328,57;385,59;0
201605;Mayo de 2016;16;País Vasco;48;Bizkaia;30226,78;23416,27;5975,11;825,13;0
201605;Mayo de 2016;17;Rioja, La;26;Rioja, La;8525,15;6068,8;1988,52;440,49;0
201605;Mayo de 2016;18;Ceuta;51;Ceuta;2380,84;988,56;907,04;356,37;0
201605;Mayo de 2016;19;Melilla;52;Melilla;2050,38;956;782,16;262,46;0
201606;Junio de 2016;1;Andalucía;4;Almería;29129,42;17465,72;7956,69;2116,48;1280,73
201606;Junio de 2016;1;Andalucía;11;Cádiz;44131,43;18812,64;15809,28;5189,55;3420,49
201606;Junio de 2016;1;Andalucía;14;Córdoba;37437,85;12567,97;13749,13;2390,11;8365,42
201606;Junio de 2016;1;Andalucía;18;Granada;36714,92;15174,76;13024,22;2865,51;5206,12
201606;Junio de 2016;1;Andalucía;21;Huelva;24198,03;12844,33;6738,26;1673,61;2727
201606;Junio de 2016;1;Andalucía;23;Jaén;30359,31;9736,1;11497,88;1814,87;7027,98
201606;Junio de 2016;1;Andalucía;29;Málaga;53590,87;25708,38;18337,54;4949,03;3913,81
201606;Junio de 2016;1;Andalucía;41;Sevilla;81355,74;34107,69;27828,99;6506,69;11918,11
201606;Junio de 2016;2;Aragón;22;Huesca;5068,11;3759,89;1070,95;218,91;0
201606;Junio de 2016;2;Aragón;44;Teruel;3063,48;2108,38;778,34;162,25;0
201606;Junio de 2016;2;Aragón;50;Zaragoza;24783,25;17943,48;5433,9;1320,23;0
201606;Junio de 2016;3;Asturias, Principado de;33;Asturias;28732,33;18859,77;7928,65;1862,77;0
201606;Junio de 2016;4;Balears, Illes;7;Balears, Illes;22412,26;15382,95;5875,54;1099,61;0
201606;Junio de 2016;5;Canarias;35;Palmas, Las;43164,05;25850,49;12580,96;4246,52;0
201606;Junio de 2016;5;Canarias;38;Santa Cruz de Tenerife;38136,15;20830,02;12839,01;4009,33;0
201606;Junio de 2016;6;Cantabria;39;Cantabria;15751,45;10605,96;4218,28;876,08;0
201606;Junio de 2016;7;Castilla y León;5;Ávila;4018,45;2192,24;1436,84;352,63;0
201606;Junio de 2016;7;Castilla y León;9;Burgos;9957,74;6844,21;2571,98;492,46;0
201606;Junio de 2016;7;Castilla y León;24;León;12654,63;8299,28;3547,09;756,16;0
201606;Junio de 2016;7;Castilla y León;34;Palencia;3876,32;2597,01;1052,4;211,9;0
201606;Junio de 2016;7;Castilla y León;37;Salamanca;8221,16;4926,68;2597,51;639,9;0
201606;Junio de 2016;7;Castilla y León;40;Segovia;3061,52;2026,12;840,19;187,36;0
201606;Junio de 2016;7;Castilla y León;42;Soria;1768,01;1205,93;459,13;97,57;0
201606;Junio de 2016;7;Castilla y León;47;Valladolid;12546;8726,87;2979,54;790,04;0
201606;Junio de 2016;7;Castilla y León;49;Zamora;4234,64;2402,58;1464,18;340,76;0
201606;Junio de 2016;8;Castilla - La Mancha;2;Albacete;10898,03;5999,82;3545,44;1202,14;0
201606;Junio de 2016;8;Castilla - La Mancha;13;Ciudad Real;15261,75;7693,22;5434,27;1782,65;0
201606;Junio de 2016;8;Castilla - La Mancha;16;Cuenca;4993;2898,04;1558,3;489,47;0
201606;Junio de 2016;8;Castilla - La Mancha;19;Guadalajara;7454,17;5256,92;1730,84;417,26;0
201606;Junio de 2016;8;Castilla - La Mancha;45;Toledo;20700,55;11507,11;6775,98;2113,95;0
201606;Junio de 2016;9;Cataluña;8;Barcelona;163419,77;115313,39;39697,08;7948,41;0
201606;Junio de 2016;9;Cataluña;17;Girona;18651,88;12605,84;4935,66;1057,53;0
201606;Junio de 2016;9;Cataluña;25;Lleida;10175,97;7013,75;2502,04;606,76;0
201606;Junio de 2016;9;Cataluña;43;Tarragona;22592,6;14514,53;6337,82;1612,19;0
201606;Junio de 2016;10;Comunitat Valenciana;3;Alicante/Alacant;52825,62;29116,26;17531,38;5563,56;0
201606;Junio de 2016;10;Comunitat Valenciana;12;Castellón/Castelló;19734,39;11978,27;6193,27;1433,06;0
201606;Junio de 2016;10;Comunitat Valenciana;46;Valencia/Valéncia;87738,12;55846,76;24241,68;6948,41;0
201606;Junio de 2016;11;Extremadura;6;Badajoz;27176,86;10517,51;10169,58;2179,39;4002,28
201606;Junio de 2016;11;Extremadura;10;Cáceres;16075,18;6611,57;5885,16;1071,94;2395
201606;Junio de 2016;12;Galicia;15;Coruña, A;31142,22;20508,17;8645,22;1855,07;0
201606;Junio de 2016;12;Galicia;27;Lugo;7616,88;4634,58;2407,42;530,15;0
201606;Junio de 2016;12;Galicia;32;Ourense;8160,22;4620,34;2938,05;549,38;0
201606;Junio de 2016;12;Galicia;36;Pontevedra;29426,61;17718,49;9520,88;2008,58;0
201606;Junio de 2016;13;Madrid, Comunidad de;28;Madrid;189627,41;146484,46;34644,1;8007,93;0
201606;Junio de 2016;14;Murcia, Región de;30;Murcia;44607,8;29999,09;10166,34;3958,33;0
201606;Junio de 2016;15;Navarra, Comunidad Foral de;31;Navarra;17130,54;12940,52;3581,95;591,07;0
201606;Junio de 2016;16;País Vasco;1;Araba/Álava;8316,04;6431,22;1660,09;217,01;0
201606;Junio de 2016;16;País Vasco;20;Gipuzkoa;16670,11;13081,71;3213,78;370,53;0
201606;Junio de 2016;16;País Vasco;48;Bizkaia;29045,94;22428,85;5783,49;822,42;0
201606;Junio de 2016;17;Rioja, La;26;Rioja, La;8320,18;5992,18;1880,24;423,86;0
201606;Junio de 2016;18;Ceuta;51;Ceuta;2345,75;976,32;890,37;363,94;0
201606;Junio de 2016;19;Melilla;52;Melilla;2194,51;999,64;889,77;254,62;0
201607;Julio de 2016;1;Andalucía;4;Almería;38123,64;25955,27;8438,89;2039,6;1395,32
201607;Julio de 2016;1;Andalucía;11;Cádiz;44750,46;19916,1;15220,37;5101,84;3628,44
201607;Julio de 2016;1;Andalucía;14;Córdoba;39409,27;13351,24;14400,7;2361,89;8935,18
201607;Julio de 2016;1;Andalucía;18;Granada;38584,57;16310,71;13450,59;2818,98;5574,16
201607;Julio de 2016;1;Andalucía;21;Huelva;30673,69;17888,38;7537,37;1652,82;3378,85
201607;Julio de 2016;1;Andalucía;23;Jaén;31544,87;10187,53;11839,92;1776,23;7453,78
201607;Julio de 2016;1;Andalucía;29;Málaga;55042,79;27806,05;17671,51;4893,57;3995,11
201607;Julio de 2016;1;Andalucía;41;Sevilla;83802,96;35941,19;27846,38;6545,8;12452,61
201607;Julio de 2016;2;Aragón;22;Huesca;4990,77;3791,68;977,29;204,15;0
201607;Julio de 2016;2;Aragón;44;Teruel;3042,86;2140,87;728,3;160,64;0
201607;Julio de 2016;2;Aragón;50;Zaragoza;25583,47;19032,02;5183,6;1291,07;0
201607;Julio de 2016;3;Asturias, Principado de;33;Asturias;28758,49;19358,45;7524,2;1796,93;0
201607;Julio de 2016;4;Balears, Illes;7;Balears, Illes;23673,16;16951,02;5598,98;1070,85;0
201607;Julio de 2016;5;Canarias;35;Palmas, Las;44690,53;27639,21;12404,35;4158,82;0
201607;Julio de 2016;5;Canarias;38;Santa Cruz de Tenerife;39375,64;22767,29;12315,47;3847,47;0
201607;Julio de 2016;6;Cantabria;39;Cantabria;15052,29;10271,13;3896;842,11;0
201607;Julio de 2016;7;Castilla y León;5;Ávila;4067,76;2373,5;1325,4;335,87;0
201607;Julio de 2016;7;Castilla y León;9;Burgos;10082,76;7190,95;2385,12;461,21;0
201607;Julio de 2016;7;Castilla y León;24;León;12990,75;8797,84;3396,35;748,39;0
201607;Julio de 2016;7;Castilla y León;34;Palencia;3975,7;2764,99;999,2;199,24;0
201607;Julio de 2016;7;Castilla y León;37;Salamanca;8439,55;5317,76;2465,55;602,96;0
201607;Julio de 2016;7;Castilla y León;40;Segovia;3129,09;2164,69;782,24;173,44;0
201607;Julio de 2016;7;Castilla y León;42;Soria;1740,52;1224,43;418,63;93;0
201607;Julio de 2016;7;Castilla y León;47;Valladolid;13019,02;9378,45;2822,55;769,48;0
201607;Julio de 2016;7;Castilla y León;49;Zamora;4209,28;2481,12;1376,4;326,08;0
201607;Julio de 2016;8;Castilla - La Mancha;2;Albacete;11863,19;7214,94;3345,53;1161,38;0
201607;Julio de 2016;8;Castilla - La Mancha;13;Ciudad Real;16087,27;8899,56;5105,76;1745;0
201607;Julio de 2016;8;Castilla - La Mancha;16;Cuenca;5196,27;3233,34;1443,52;475,32;0
201607;Julio de 2016;8;Castilla - La Mancha;19;Guadalajara;7527,94;5464,03;1620,3;396,91;0
201607;Julio de 2016;8;Castilla - La Mancha;45;Toledo;21552,96;12822,79;6353,96;2078,53;0
201607;Julio de 2016;9;Cataluña;8;Barcelona;169319,4;122856,15;38355,57;7674,29;0
201607;Julio de 2016;9;Cataluña;17;Girona;19340,59;13631,35;4647,36;1014,52;0
201607;Julio de 2016;9;Cataluña;25;Lleida;10427,84;7462,29;2344,54;573,92;0
201607;Julio de 2016;9;Cataluña;43;Tarragona;23391,52;15673,62;6038,78;1562,28;0
201607;Julio de 2016;10;Comunitat Valenciana;3;Alicante/Alacant;55273,21;32221,77;17020,71;5427,65;0
201607;Julio de 2016;10;Comunitat Valenciana;12;Castellón/Castelló;19876,25;12576,69;5795,04;1375,04;0
201607;Julio de 2016;10;Comunitat Valenciana;46;Valencia/Valéncia;91728,9;60634,83;23611,96;6787,95;0
201607;Julio de 2016;11;Extremadura;6;Badajoz;27701,63;10994,52;10259,63;2127,64;4026,55
201607;Julio de 2016;11;Extremadura;10;Cáceres;16497,18;6855,82;5973,91;1035,02;2525,05
201607;Julio de 2016;12;Galicia;15;Coruña, A;30960,8;20860,59;8165,3;1806,77;0
201607;Julio de 2016;12;Galicia;27;Lugo;7633,79;4849,98;2232,73;507,07;0
201607;Julio de 2016;12;Galicia;32;Ourense;7975,34;4569,88;2811,53;542,23;0
201607;Julio de 2016;12;Galicia;36;Pontevedra;28306,28;17341,4;8845,47;1941,78;0
201607;Julio de 2016;13;Madrid, Comunidad de;28;Madrid;194175,76;153279,43;32737,95;7699,12;0
201607;Julio de 2016;14;Murcia, Región de;30;Murcia;47221,02;32985,93;9851,28;3914,08;0
201607;Julio de 2016;15;Navarra, Comunidad Foral de;31;Navarra;17838,83;13794,79;3456,76;573,07;0
201607;Julio de 2016;16;País Vasco;1;Araba/Álava;8623,79;6832,27;1565,96;218,83;0
201607;Julio de 2016;16;País Vasco;20;Gipuzkoa;18289,67;14818,99;3111,52;354,86;0
201607;Julio de 2016;16;País Vasco;48;Bizkaia;31018,44;24651,74;5555,64;802,09;0
201607;Julio de 2016;17;Rioja, La;26;Rioja, La;8802,13;6535,63;1826,26;416,65;0
201607;Julio de 2016;18;Ceuta;51;Ceuta;2616,39;1113,66;1024,53;368,89;0
201607;Julio de 2016;19;Melilla;52;Melilla;2234,86;1074,19;856,23;250,38;0
201608;Agosto de 2016;1;Andalucía;4;Almería;40388,39;28135,85;8561,03;1987,75;1421,63
201608;Agosto de 2016;1;Andalucía;11;Cádiz;45951,58;20862,22;15280,74;5072,25;3829,76
201608;Agosto de 2016;1;Andalucía;14;Córdoba;40603,55;14212,51;14514,5;2332,65;9178,02
201608;Agosto de 2016;1;Andalucía;18;Granada;40367,17;17787,4;13695,25;2757,03;5703,33
201608;Agosto de 2016;1;Andalucía;21;Huelva;33462,7;19561,02;8244,27;1637,98;3808,91
201608;Agosto de 2016;1;Andalucía;23;Jaén;32007,25;10516,69;11848,89;1725,67;7634,7
201608;Agosto de 2016;1;Andalucía;29;Málaga;56546,84;29533,88;17511,93;4816,59;4018,03
201608;Agosto de 2016;1;Andalucía;41;Sevilla;86973,96;38516,8;28040,26;6485,73;12874,01
201608;Agosto de 2016;2;Aragón;22;Huesca;4947;3777,91;942,56;208,37;0
201608;Agosto de 2016;2;Aragón;44;Teruel;3110,88;2233,25;708,85;155,96;0
201608;Agosto de 2016;2;Aragón;50;Zaragoza;26978,54;20521,04;5159,31;1221,13;0
201608;Agosto de 2016;3;Asturias, Principado de;33;Asturias;28200,55;19174,42;7204,67;1749,99;0
201608;Agosto de 2016;4;Balears, Illes;7;Balears, Illes;25873,94;19192,6;5607,19;1018,4;0
201608;Agosto de 2016;5;Canarias;35;Palmas, Las;45370,33;28723,26;12105,78;4065,01;0
201608;Agosto de 2016;5;Canarias;38;Santa Cruz de Tenerife;39900,12;23666,56;12026,48;3764,47;0
201608;Agosto de 2016;6;Cantabria;39;Cantabria;15189,13;10648,34;3675,32;826,42;0
201608;Agosto de 2016;7;Castilla y León;5;Ávila;4152,59;2528,45;1274,51;318,42;0
201608;Agosto de 2016;7;Castilla y León;9;Burgos;10458,24;7585,46;2374,62;457,16;0
201608;Agosto de 2016;7;Castilla y León;24;León;13415,64;9391,53;3257,17;717,55;0
201608;Agosto de 2016;7;Castilla y León;34;Palencia;4420,04;3262,71;950,02;193,39;0
201608;Agosto de 2016;7;Castilla y León;37;Salamanca;9329,1;6274,08;2413,66;590,03;0
201608;Agosto de 2016;7;Castilla y León;40;Segovia;3187,57;2243,07;761,74;172,95;0
201608;Agosto de 2016;7;Castilla y León;42;Soria;1803,15;1299,63;407,32;90,53;0
201608;Agosto de 2016;7;Castilla y León;47;Valladolid;14059,99;10496,22;2759,91;754,07;0
201608;Agosto de 2016;7;Castilla y León;49;Zamora;4351,22;2687,34;1319,46;318,87;0
201608;Agosto de 2016;8;Castilla - La Mancha;2;Albacete;13038,5;8476,77;3292,32;1127,32;0
201608;Agosto de 2016;8;Castilla - La Mancha;13;Ciudad Real;17917,91;10797,51;5048,93;1735,1;0
201608;Agosto de 2016;8;Castilla - La Mancha;16;Cuenca;5920,7;3972,8;1430,27;472,93;0
201608;Agosto de 2016;8;Castilla - La Mancha;19;Guadalajara;8211,74;6178,81;1598,6;389,09;0
201608;Agosto de 2016;8;Castilla - La Mancha;45;Toledo;23205,64;14720,42;6137,14;2043,15;0
201608;Agosto de 2016;9;Cataluña;8;Barcelona;181156,01;135510,91;37765,74;7460,71;0
201608;Agosto de 2016;9;Cataluña;17;Girona;20538,1;14920,28;4589,08;979,73;0
201608;Agosto de 2016;9;Cataluña;25;Lleida;10581,58;7697,91;2281,31;554,12;0
201608;Agosto de 2016;9;Cataluña;43;Tarragona;23732,63;16181,22;5925,2;1518,16;0
201608;Agosto de 2016;10;Comunitat Valenciana;3;Alicante/Alacant;59874,07;36966,28;16986,74;5325,52;0
201608;Agosto de 2016;10;Comunitat Valenciana;12;Castellón/Castelló;20140,35;13021,75;5657,1;1331,43;0
201608;Agosto de 2016;10;Comunitat Valenciana;46;Valencia/Valéncia;97236,93;66333,07;23525,59;6673,82;0
201608;Agosto de 2016;11;Extremadura;6;Badajoz;28022,76;11491,04;10139,99;2092,71;4007,07
201608;Agosto de 2016;11;Extremadura;10;Cáceres;16977,7;7294,35;5993,57;1035,61;2548,72
201608;Agosto de 2016;12;Galicia;15;Coruña, A;30721,75;21014,19;7835,66;1744,71;0
201608;Agosto de 2016;12;Galicia;27;Lugo;7389,23;4678,68;2176,94;490,13;0
201608;Agosto de 2016;12;Galicia;32;Ourense;7865,68;4576,34;2706,41;532,41;0
201608;Agosto de 2016;12;Galicia;36;Pontevedra;28425,87;17836,3;8490,49;1924,46;0
201608;Agosto de 2016;13;Madrid, Comunidad de;28;Madrid;209182,88;169278,81;32035,67;7418,15;0
201608;Agosto de 2016;14;Murcia, Región de;30;Murcia;51904,09;37567,05;10035,7;3839,7;0
201608;Agosto de 2016;15;Navarra, Comunidad Foral de;31;Navarra;18754,6;14782,99;3404,79;553,77;0
201608;Agosto de 2016;16;País Vasco;1;Araba/Álava;9012,41;7244,56;1560,14;202,14;0
201608;Agosto de 2016;16;País Vasco;20;Gipuzkoa;19026,37;15644,69;3031,09;345,89;0
201608;Agosto de 2016;16;País Vasco;48;Bizkaia;32584,97;26351,77;5446,33;778,09;0
201608;Agosto de 2016;17;Rioja, La;26;Rioja, La;9586,13;7368,69;1779,94;413,06;0
201608;Agosto de 2016;18;Ceuta;51;Ceuta;2474,46;1045,35;996,63;342,98;0
201608;Agosto de 2016;19;Melilla;52;Melilla;2236,45;1131,52;806,99;249,01;0
201609;Septiembre de 2016;1;Andalucía;4;Almería;34718,61;22511,9;8507,13;1982,17;1461,11
201609;Septiembre de 2016;1;Andalucía;11;Cádiz;45999,69;20269,29;15891,01;5066,81;3928,57
201609;Septiembre de 2016;1;Andalucía;14;Córdoba;39775,37;13539,73;14352,01;2304,34;9229,32
201609;Septiembre de 2016;1;Andalucía;18;Granada;39307,38;16840,88;13681,5;2731,02;5669,31
201609;Septiembre de 2016;1;Andalucía;21;Huelva;32012,29;17765,19;8539,55;1642,15;3869,99
201609;Septiembre de 2016;1;Andalucía;23;Jaén;31033,57;10003,48;11553,67;1704,78;7510,44
201609;Septiembre de 2016;1;Andalucía;29;Málaga;54292,79;27531,3;17458,81;4723,03;3967,06
201609;Septiembre de 2016;1;Andalucía;41;Sevilla;83265,03;36393,98;27126,73;6436,52;12317,19
201609;Septiembre de 2016;2;Aragón;22;Huesca;5036,65;3823,26;992,83;205,71;0
201609;Septiembre de 2016;2;Aragón;44;Teruel;3034,65;2156,69;717,56;150,8;0
201609;Septiembre de 2016;2;Aragón;50;Zaragoza;24787,18;18300,29;5174,49;1244,95;0
201609;Septiembre de 2016;3;Asturias, Principado de;33;Asturias;28190,07;19119,07;7272,62;1724,87;0
201609;Septiembre de 2016;4;Balears, Illes;7;Balears, Illes;25188,01;18285,83;5853,35;994,93;0
201609;Septiembre de 2016;5;Canarias;35;Palmas, Las;40606,78;24417,93;11725,19;4007,91;0
201609;Septiembre de 2016;5;Canarias;38;Santa Cruz de Tenerife;36295,51;20361,44;11797,46;3706,78;0
201609;Septiembre de 2016;6;Cantabria;39;Cantabria;14784,42;10139,53;3754,04;857;0
201609;Septiembre de 2016;7;Castilla y León;5;Ávila;3892,03;2271,65;1271,68;319,66;0
201609;Septiembre de 2016;7;Castilla y León;9;Burgos;9959,74;7102,27;2357,95;463,2;0
201609;Septiembre de 2016;7;Castilla y León;24;León;12921,72;8934,67;3239,12;700,02;0
201609;Septiembre de 2016;7;Castilla y León;34;Palencia;4141,62;2993,54;944,37;190,69;0
201609;Septiembre de 2016;7;Castilla y León;37;Salamanca;8575,73;5459,56;2460,86;601,32;0
201609;Septiembre de 2016;7;Castilla y León;40;Segovia;3037,59;2078,08;778,4;172,33;0
201609;Septiembre de 2016;7;Castilla y León;42;Soria;1757,53;1254,12;410,69;87,65;0
201609;Septiembre de 2016;7;Castilla y León;47;Valladolid;12961,54;9439,34;2738,08;737,02;0
201609;Septiembre de 2016;7;Castilla y León;49;Zamora;4056,09;2422,49;1294,01;313,12;0
201609;Septiembre de 2016;8;Castilla - La Mancha;2;Albacete;11395,97;6895,78;3247,81;1121,91;0
201609;Septiembre de 2016;8;Castilla - La Mancha;13;Ciudad Real;15342,85;8458,64;4868,25;1718,56;0
201609;Septiembre de 2016;8;Castilla - La Mancha;16;Cuenca;4851,34;2921,11;1437,49;447,77;0
201609;Septiembre de 2016;8;Castilla - La Mancha;19;Guadalajara;7373,84;5345,78;1608,05;379,95;0
201609;Septiembre de 2016;8;Castilla - La Mancha;45;Toledo;20736,97;12293,82;6147,43;2007,35;0
201609;Septiembre de 2016;9;Cataluña;8;Barcelona;168552,2;123031,72;37773,78;7353,95;0
201609;Septiembre de 2016;9;Cataluña;17;Girona;20049,61;14100,71;4923,86;975,22;0
201609;Septiembre de 2016;9;Cataluña;25;Lleida;10276,93;7337,04;2354,8;543,31;0
201609;Septiembre de 2016;9;Cataluña;43;Tarragona;22931,52;15168,06;6143,29;1522,43;0
201609;Septiembre de 2016;10;Comunitat Valenciana;3;Alicante/Alacant;57212,07;33917,33;17386,95;5338,33;0
201609;Septiembre de 2016;10;Comunitat Valenciana;12;Castellón/Castelló;18766,02;11576,87;5700,49;1363,59;0
201609;Septiembre de 2016;10;Comunitat Valenciana;46;Valencia/Valéncia;88212,49;57391,08;23444,43;6712,86;0
201609;Septiembre de 2016;11;Extremadura;6;Badajoz;28360,5;11679,04;10330,01;2079,98;3996,46
201609;Septiembre de 2016;11;Extremadura;10;Cáceres;16845,86;7071,44;6094,97;1040,76;2540,14
201609;Septiembre de 2016;12;Galicia;15;Coruña, A;29826,96;20150,12;7831,62;1726,91;0
201609;Septiembre de 2016;12;Galicia;27;Lugo;7270,77;4566,71;2182,38;483,27;0
201609;Septiembre de 2016;12;Galicia;32;Ourense;7676,56;4393,48;2711,93;528,83;0
201609;Septiembre de 2016;12;Galicia;36;Pontevedra;27828,91;17199,88;8530,58;1934,47;0
201609;Septiembre de 2016;13;Madrid, Comunidad de;28;Madrid;192693,02;152126,69;32714,13;7460,49;0
201609;Septiembre de 2016;14;Murcia, Región de;30;Murcia;51529,73;36947,88;10267,01;3872,18;0
201609;Septiembre de 2016;15;Navarra, Comunidad Foral de;31;Navarra;16969,43;13094,1;3297,5;564,54;0
201609;Septiembre de 2016;16;País Vasco;1;Araba/Álava;8244,29;6465,26;1557,64;217,17;0
201609;Septiembre de 2016;16;País Vasco;20;Gipuzkoa;17185,78;13845,57;2991,94;341,7;0
201609;Septiembre de 2016;16;País Vasco;48;Bizkaia;29418,6;23138,29;5486,67;785,08;0
201609;Septiembre de 2016;17;Rioja, La;26;Rioja, La;8643,88;6448,65;1751,83;421,33;0
201609;Septiembre de 2016;18;Ceuta;51;Ceuta;2513,54;1053,01;1011,16;343,86;0
201609;Septiembre de 2016;19;Melilla;52;Melilla;2097,7;1040;764,97;247,62;0
201610;Octubre de 2016;1;Andalucía;4;Almería;27443,73;15688,02;8174,81;1932,41;1406,24
201610;Octubre de 2016;1;Andalucía;11;Cádiz;47442,32;21249,55;16560,93;5032,98;3804,32
201610;Octubre de 2016;1;Andalucía;14;Córdoba;37937,44;12617,64;13765,84;2284,53;8949,92
201610;Octubre de 2016;1;Andalucía;18;Granada;38013,14;15486,43;13751,85;2752,46;5659,47
201610;Octubre de 2016;1;Andalucía;21;Huelva;28752,61;14395,23;8735,15;1640,66;3791,93
201610;Octubre de 2016;1;Andalucía;23;Jaén;30762,82;9891,04;11413,97;1705,96;7514,95
201610;Octubre de 2016;1;Andalucía;29;Málaga;55283,02;28610,57;17690,13;4691,55;3738,35
201610;Octubre de 2016;1;Andalucía;41;Sevilla;80090,06;34673,86;26261,19;6346,34;11855,83
201610;Octubre de 2016;2;Aragón;22;Huesca;5785,45;4473,45;1092,83;203,46;0
201610;Octubre de 2016;2;Aragón;44;Teruel;3125,53;2225,7;744,7;146,41;0
201610;Octubre de 2016;2;Aragón;50;Zaragoza;25519,08;19057,71;5165,15;1228,17;0
201610;Octubre de 2016;3;Asturias, Principado de;33;Asturias;28551,01;19333,17;7428,25;1713,97;0
201610;Octubre de 2016;4;Balears, Illes;7;Balears, Illes;30392,68;22093,19;7266,47;985,42;0
201610;Octubre de 2016;5;Canarias;35;Palmas, Las;39802,95;23823,18;11591,64;3936,64;0
201610;Octubre de 2016;5;Canarias;38;Santa Cruz de Tenerife;35947,39;20224,24;11659,2;3663,35;0
201610;Octubre de 2016;6;Cantabria;39;Cantabria;15378,88;10569,42;3925,89;847,66;0
201610;Octubre de 2016;7;Castilla y León;5;Ávila;3985,16;2356,98;1291,91;310,71;0
201610;Octubre de 2016;7;Castilla y León;9;Burgos;10079,43;7214,26;2372,8;459,97;0
201610;Octubre de 2016;7;Castilla y León;24;León;12980,85;8901,34;3318,63;714,18;0
201610;Octubre de 2016;7;Castilla y León;34;Palencia;4244,87;3063,53;976,84;189,83;0
201610;Octubre de 2016;7;Castilla y León;37;Salamanca;8445,73;5261,74;2536,65;598,51;0
201610;Octubre de 2016;7;Castilla y León;40;Segovia;2954,59;2010,23;763,81;171,55;0
201610;Octubre de 2016;7;Castilla y León;42;Soria;1835,16;1323,31;421,83;84,52;0
201610;Octubre de 2016;7;Castilla y León;47;Valladolid;12722,79;9247,74;2709,9;722,56;0
201610;Octubre de 2016;7;Castilla y León;49;Zamora;4203,11;2522,87;1345,92;311,82;0
201610;Octubre de 2016;8;Castilla - La Mancha;2;Albacete;11905,69;7082,88;3592,12;1106,18;0
201610;Octubre de 2016;8;Castilla - La Mancha;13;Ciudad Real;15435,7;8223,8;5259,42;1676,91;0
201610;Octubre de 2016;8;Castilla - La Mancha;16;Cuenca;4992,93;2931,78;1582,73;434,37;0
201610;Octubre de 2016;8;Castilla - La Mancha;19;Guadalajara;7660,37;5503,85;1750,03;369,77;0
201610;Octubre de 2016;8;Castilla - La Mancha;45;Toledo;21228,64;12346,06;6611,74;1995,66;0
201610;Octubre de 2016;9;Cataluña;8;Barcelona;166918,45;121105,09;38134,17;7304,64;0
201610;Octubre de 2016;9;Cataluña;17;Girona;22767,11;15773,49;5992,9;953,88;0
201610;Octubre de 2016;9;Cataluña;25;Lleida;11649,29;8421,11;2629,86;561,24;0
201610;Octubre de 2016;9;Cataluña;43;Tarragona;24819,38;16439,76;6771,16;1520,46;0
201610;Octubre de 2016;10;Comunitat Valenciana;3;Alicante/Alacant;55800,6;32351,01;17542,1;5368,52;0
201610;Octubre de 2016;10;Comunitat Valenciana;12;Castellón/Castelló;17453,93;10753,43;5238,11;1344,29;0
201610;Octubre de 2016;10;Comunitat Valenciana;46;Valencia/Valéncia;79192,69;49684,03;22243,17;6631,1;0
201610;Octubre de 2016;11;Extremadura;6;Badajoz;29376,29;12112,91;10784,27;2085,16;4135,31
201610;Octubre de 2016;11;Extremadura;10;Cáceres;16824,63;7106,33;6125,62;1037,32;2464,71
201610;Octubre de 2016;12;Galicia;15;Coruña, A;30342,41;20575,39;7951,19;1706,8;0
201610;Octubre de 2016;12;Galicia;27;Lugo;7505,5;4754,28;2244,33;476,49;0
201610;Octubre de 2016;12;Galicia;32;Ourense;7904,34;4627,57;2726,91;511,49;0
201610;Octubre de 2016;12;Galicia;36;Pontevedra;29059,9;18124,54;8867;1914,53;0
201610;Octubre de 2016;13;Madrid, Comunidad de;28;Madrid;187635,52;147164,9;32633,53;7479,25;0
201610;Octubre de 2016;14;Murcia, Región de;30;Murcia;48504,07;33652,47;10617,32;3823,64;0
201610;Octubre de 2016;15;Navarra, Comunidad Foral de;31;Navarra;16668,3;12795,57;3301,87;560,05;0
201610;Octubre de 2016;16;País Vasco;1;Araba/Álava;7941,31;6204,87;1519,81;214,14;0
201610;Octubre de 2016;16;País Vasco;20;Gipuzkoa;16783,9;13458,21;2991,31;329,18;0
201610;Octubre de 2016;16;País Vasco;48;Bizkaia;28725,17;22423,87;5506,71;786,57;0
201610;Octubre de 2016;17;Rioja, La;26;Rioja, La;8068,03;5914,22;1729,72;404,03;0
201610;Octubre de 2016;18;Ceuta;51;Ceuta;2419,64;1018,68;980,45;313,68;0
201610;Octubre de 2016;19;Melilla;52;Melilla;2010,34;940,69;764,88;246,88;0
201611;Noviembre de 2016;1;Andalucía;4;Almería;24678,14;13312,39;7790,22;1919,41;1410,08
201611;Noviembre de 2016;1;Andalucía;11;Cádiz;50832,13;23794,95;17396,03;5132,25;3744,91
201611;Noviembre de 2016;1;Andalucía;14;Córdoba;37156,68;12643,41;13174,25;2263,29;8780,58
201611;Noviembre de 2016;1;Andalucía;18;Granada;38636,75;16157,57;13755,7;2771,65;5607,2
201611;Noviembre de 2016;1;Andalucía;21;Huelva;28280,69;13547,89;9006,21;1656,54;3868,78
201611;Noviembre de 2016;1;Andalucía;23;Jaén;30548,76;10287,68;11038,77;1711,54;7291,63
201611;Noviembre de 2016;1;Andalucía;29;Málaga;60801,1;33430,96;18287,53;4778,25;3763,03
201611;Noviembre de 2016;1;Andalucía;41;Sevilla;81446,79;35502,54;26718,34;6404,48;11904,39
201611;Noviembre de 2016;2;Aragón;22;Huesca;6219,16;4860,54;1131,85;211,5;0
201611;Noviembre de 2016;2;Aragón;44;Teruel;3373,7;2435,91;771,62;156,68;0
201611;Noviembre de 2016;2;Aragón;50;Zaragoza;25793,34;19195,82;5287,13;1249,23;0
201611;Noviembre de 2016;3;Asturias, Principado de;33;Asturias;29296;19970,55;7533,16;1723,57;0
201611;Noviembre de 2016;4;Balears, Illes;7;Balears, Illes;59162,14;44551,53;13597,72;970,56;0
201611;Noviembre de 2016;5;Canarias;35;Palmas, Las;39436,94;23495,34;11573,86;3913,55;0
201611;Noviembre de 2016;5;Canarias;38;Santa Cruz de Tenerife;36546,07;20681,2;11789,98;3688,35;0
201611;Noviembre de 2016;6;Cantabria;39;Cantabria;16355,94;11216,01;4260,42;846,32;0
201611;Noviembre de 2016;7;Castilla y León;5;Ávila;4312,8;2554,36;1417,6;316,71;0
201611;Noviembre de 2016;7;Castilla y León;9;Burgos;10459,78;7454,84;2511,45;462,48;0
201611;Noviembre de 2016;7;Castilla y León;24;León;13572,79;9234,03;3569,72;725,32;0
201611;Noviembre de 2016;7;Castilla y León;34;Palencia;4502,14;3240,13;1052,49;198;0
201611;Noviembre de 2016;7;Castilla y León;37;Salamanca;8972,23;5566,91;2732,55;622,93;0
201611;Noviembre de 2016;7;Castilla y León;40;Segovia;3473,81;2413,21;873,51;178,67;0
201611;Noviembre de 2016;7;Castilla y León;42;Soria;2137,37;1553,44;492,76;87,52;0
201611;Noviembre de 2016;7;Castilla y León;47;Valladolid;13483,6;9712,29;2978,11;752,3;0
201611;Noviembre de 2016;7;Castilla y León;49;Zamora;4454,41;2654,11;1458,93;318,32;0
201611;Noviembre de 2016;8;Castilla - La Mancha;2;Albacete;12679,6;7347,2;4068,34;1132,14;0
201611;Noviembre de 2016;8;Castilla - La Mancha;13;Ciudad Real;16917,22;8916,87;6011,62;1719,94;0
201611;Noviembre de 2016;8;Castilla - La Mancha;16;Cuenca;5405,72;3150,97;1757,97;450,35;0
201611;Noviembre de 2016;8;Castilla - La Mancha;19;Guadalajara;7765,8;5470,51;1881,67;376,73;0
201611;Noviembre de 2016;8;Castilla - La Mancha;45;Toledo;22661,01;12737,32;7619,27;2036,69;0
201611;Noviembre de 2016;9;Cataluña;8;Barcelona;168969,78;122963,13;38313,65;7318,32;0
201611;Noviembre de 2016;9;Cataluña;17;Girona;27113,03;19252,59;6851,61;964,49;0
201611;Noviembre de 2016;9;Cataluña;25;Lleida;12763,43;9332,27;2820,83;572,1;0
201611;Noviembre de 2016;9;Cataluña;43;Tarragona;28836,94;19692,96;7567,8;1488,59;0
201611;Noviembre de 2016;10;Comunitat Valenciana;3;Alicante/Alacant;56115,16;32586,99;17601,77;5378,07;0
201611;Noviembre de 2016;10;Comunitat Valenciana;12;Castellón/Castelló;17234,19;10768,56;5037,82;1313,78;0
201611;Noviembre de 2016;10;Comunitat Valenciana;46;Valencia/Valéncia;76324,21;47510,65;21547,13;6654,35;0
201611;Noviembre de 2016;11;Extremadura;6;Badajoz;31503,05;13245,32;11469,14;2130,26;4412,48
201611;Noviembre de 2016;11;Extremadura;10;Cáceres;17167,36;7438,1;6126,46;1045,17;2469,19
201611;Noviembre de 2016;12;Galicia;15;Coruña, A;31420,84;21403,8;8180,25;1733,2;0
201611;Noviembre de 2016;12;Galicia;27;Lugo;7947,38;5107,13;2327,94;484,97;0
201611;Noviembre de 2016;12;Galicia;32;Ourense;8067,96;4654,81;2851,97;523,81;0
201611;Noviembre de 2016;12;Galicia;36;Pontevedra;30454,39;19151,56;9221,81;1932,87;0
201611;Noviembre de 2016;13;Madrid, Comunidad de;28;Madrid;189001,47;148451,31;32679,18;7525,08;0
201611;Noviembre de 2016;14;Murcia, Región de;30;Murcia;45602,05;30797,93;10583,51;3817,47;0
201611;Noviembre de 2016;15;Navarra, Comunidad Foral de;31;Navarra;17207,78;13279,51;3361,49;557,25;0
201611;Noviembre de 2016;16;País Vasco;1;Araba/Álava;8065,48;6341,85;1504,16;217;0
201611;Noviembre de 2016;16;País Vasco;20;Gipuzkoa;16806,55;13425,1;3032,72;342,2;0
201611;Noviembre de 2016;16;País Vasco;48;Bizkaia;28386,7;22118,53;5457,79;802,19;0
201611;Noviembre de 2016;17;Rioja, La;26;Rioja, La;8674,29;6412,54;1814,03;425,28;0
201611;Noviembre de 2016;18;Ceuta;51;Ceuta;2329,21;937,76;948,87;321,23;0
201611;Noviembre de 2016;19;Melilla;52;Melilla;2018,97;970,76;738,89;247,34;0
201612;Diciembre de 2016;1;Andalucía;4;Almería;23565,87;12749,12;7327,83;1897,65;1348,85
201612;Diciembre de 2016;1;Andalucía;11;Cádiz;52697,19;25985,39;17228,82;5115,74;3605,15
201612;Diciembre de 2016;1;Andalucía;14;Córdoba;32657,77;11415,45;11155,27;2236,07;7570,29
201612;Diciembre de 2016;1;Andalucía;18;Granada;37079,8;16255,19;12610,3;2731,87;5146,67
201612;Diciembre de 2016;1;Andalucía;21;Huelva;29164,41;14759,37;8697,13;1675,97;3827,29
201612;Diciembre de 2016;1;Andalucía;23;Jaén;21703,4;7825,16;6948,71;1546,16;5208,13
201612;Diciembre de 2016;1;Andalucía;29;Málaga;63527,32;36710,1;17976,23;4756,49;3532,11
201612;Diciembre de 2016;1;Andalucía;41;Sevilla;80922,27;35234,25;26512,02;6389,75;11869,3
201612;Diciembre de 2016;2;Aragón;22;Huesca;5588,61;4289;1083,42;200,88;0
201612;Diciembre de 2016;2;Aragón;44;Teruel;3491,26;2563,63;761,13;156,06;0
201612;Diciembre de 2016;2;Aragón;50;Zaragoza;25059,28;18538,08;5228,58;1231,65;0
201612;Diciembre de 2016;3;Asturias, Principado de;33;Asturias;29369,85;20065,39;7525,87;1713,48;0
201612;Diciembre de 2016;4;Balears, Illes;7;Balears, Illes;86661,25;68716,41;16941,16;965,86;0
201612;Diciembre de 2016;5;Canarias;35;Palmas, Las;38825,4;23120,81;11376,64;3865,56;0
201612;Diciembre de 2016;5;Canarias;38;Santa Cruz de Tenerife;35929,9;20297,83;11592,7;3642,54;0
201612;Diciembre de 2016;6;Cantabria;39;Cantabria;17588,57;12172,8;4533,13;852,02;0
201612;Diciembre de 2016;7;Castilla y León;5;Ávila;4222,26;2516,39;1363,95;316,18;0
201612;Diciembre de 2016;7;Castilla y León;9;Burgos;10180,03;7156,4;2529,51;464,68;0
201612;Diciembre de 2016;7;Castilla y León;24;León;13677,4;9343,99;3573,23;716,5;0
201612;Diciembre de 2016;7;Castilla y León;34;Palencia;4580,17;3288,35;1085,78;194,89;0
201612;Diciembre de 2016;7;Castilla y León;37;Salamanca;9089,64;5683,21;2732,59;624,24;0
201612;Diciembre de 2016;7;Castilla y León;40;Segovia;3536,09;2483,8;859,37;184,71;0
201612;Diciembre de 2016;7;Castilla y León;42;Soria;2253,46;1667,28;502,62;79,24;0
201612;Diciembre de 2016;7;Castilla y León;47;Valladolid;12893,23;9181,38;2922,83;745,1;0
201612;Diciembre de 2016;7;Castilla y León;49;Zamora;4611,99;2763,26;1510,52;318,97;0
201612;Diciembre de 2016;8;Castilla - La Mancha;2;Albacete;12888,35;7410,94;4215,94;1124,95;0
201612;Diciembre de 2016;8;Castilla - La Mancha;13;Ciudad Real;16716,12;8771,81;5974,98;1702,03;0
201612;Diciembre de 2016;8;Castilla - La Mancha;16;Cuenca;5264,36;3022,29;1738,63;454,68;0
201612;Diciembre de 2016;8;Castilla - La Mancha;19;Guadalajara;7930,26;5636,14;1898,94;362,69;0
201612;Diciembre de 2016;8;Castilla - La Mancha;45;Toledo;22567,17;12635,6;7632,32;2046,24;0
201612;Diciembre de 2016;9;Cataluña;8;Barcelona;168593,21;123271,12;37731,49;7195,58;0
201612;Diciembre de 2016;9;Cataluña;17;Girona;28942,71;20995,22;6933,83;966,91;0
201612;Diciembre de 2016;9;Cataluña;25;Lleida;12036,77;8706,22;2725,22;569,5;0
201612;Diciembre de 2016;9;Cataluña;43;Tarragona;30385,47;21124,02;7654,87;1514,76;0
201612;Diciembre de 2016;10;Comunitat Valenciana;3;Alicante/Alacant;56713,97;33355,42;17513,52;5308,74;0
201612;Diciembre de 2016;10;Comunitat Valenciana;12;Castellón/Castelló;17307,78;11064,09;4871,14;1268,32;0
201612;Diciembre de 2016;10;Comunitat Valenciana;46;Valencia/Valéncia;74264,17;46118,03;21001,69;6541,39;0
201612;Diciembre de 2016;11;Extremadura;6;Badajoz;30885,36;13118,12;11237,04;2105,65;4188,9
201612;Diciembre de 2016;11;Extremadura;10;Cáceres;17715,48;7771,28;6282,18;1053,51;2520,91
201612;Diciembre de 2016;12;Galicia;15;Coruña, A;32437,9;22368,04;8220,26;1747,36;0
201612;Diciembre de 2016;12;Galicia;27;Lugo;8328,33;5452,18;2368,07;484,64;0
201612;Diciembre de 2016;12;Galicia;32;Ourense;8276,83;4922,93;2799,34;518,9;0
201612;Diciembre de 2016;12;Galicia;36;Pontevedra;31347,27;20016,79;9216,45;1968,04;0
201612;Diciembre de 2016;13;Madrid, Comunidad de;28;Madrid;181927,74;142441;31725,02;7417,01;0
201612;Diciembre de 2016;14;Murcia, Región de;30;Murcia;44902,91;30145,08;10548,77;3798,09;0
201612;Diciembre de 2016;15;Navarra, Comunidad Foral de;31;Navarra;17772,1;13783,28;3425,07;554,52;0
201612;Diciembre de 2016;16;País Vasco;1;Araba/Álava;7744,87;6056,23;1466,7;219,24;0
201612;Diciembre de 2016;16;País Vasco;20;Gipuzkoa;16954,22;13569,51;3047,33;330,29;0
201612;Diciembre de 2016;16;País Vasco;48;Bizkaia;27616,52;21350,27;5481,55;775,95;0
201612;Diciembre de 2016;17;Rioja, La;26;Rioja, La;8572,01;6360,88;1758,53;429,82;0
201612;Diciembre de 2016;18;Ceuta;51;Ceuta;2363,52;962,69;945,86;323,01;0
201612;Diciembre de 2016;19;Melilla;52;Melilla;1865,29;875,02;686,86;244,75;0
